Date,AAPL,GOOGL,META,MSFT,NVDA,SPY
2020-01-02,72.3338851928711,67.83251953125,207.953857421875,151.8295440673828,5.963803291320801,296.1252746582031
2020-01-03,71.63064575195312,67.47765350341797,206.853515625,149.93902587890625,5.868348121643066,293.8829650878906
2020-01-06,72.20140075683594,69.27620697021484,210.7493133544922,150.32655334472656,5.892956256866455,295.0041809082031
2020-01-07,71.86186218261719,69.14239501953125,211.20529174804688,148.9559326171875,5.964299201965332,294.17462158203125
2020-01-08,73.01785278320312,69.63453674316406,213.3465118408203,151.3285369873047,5.9754862785339355,295.742431640625
2020-01-09,74.56878662109375,70.36555480957031,216.39967346191406,153.21908569335938,6.0411152839660645,297.747802734375
2020-01-10,74.73738098144531,70.82003021240234,216.1617889404297,152.51014709472656,6.073429584503174,296.8909606933594
2020-01-13,76.3340835571289,71.36866760253906,219.97825622558594,154.34396362304688,6.263845443725586,298.9327392578125
2020-01-14,75.30332946777344,70.90081024169922,217.15306091308594,153.2569122314453,6.147010326385498,298.47698974609375
2020-01-15,74.9806137084961,71.3275375366211,219.22486877441406,154.2494354248047,6.1045026779174805,299.1515808105469
2020-01-16,75.91986083984375,71.87071990966797,219.8394775390625,157.07579040527344,6.188028812408447,301.6399841308594
2020-01-17,76.7603759765625,73.32579803466797,220.2062530517578,157.9549102783203,6.196727275848389,302.578857421875
2020-01-21,76.24015045166016,73.46111297607422,219.5123291015625,157.38775634765625,6.163417339324951,301.986328125
2020-01-22,76.51231384277344,73.54138946533203,219.3933868408203,156.63150024414062,6.21735954284668,302.0227966308594
2020-01-23,76.88079071044922,73.58203125,217.84695434570312,157.59568786621094,6.285721778869629,302.3691101074219
2020-01-24,76.65921783447266,72.66416931152344,216.0428009033203,156.00758361816406,6.226558685302734,299.6802062988281
2020-01-27,74.405029296875,70.95731353759766,212.99951171875,153.39871215820312,5.97101354598999,294.87652587890625
2020-01-28,76.50990295410156,71.88755798339844,215.89410400390625,156.4046630859375,6.164162635803223,297.966552734375
2020-01-29,78.1114273071289,72.19483947753906,221.2867431640625,158.8434600830078,6.103755950927734,297.720458984375
2020-01-30,77.99824523925781,72.07341003417969,207.7060089111328,163.3240509033203,6.110469341278076,298.6866149902344
2020-01-31,74.53990173339844,71.00934600830078,200.15234375,160.91360473632812,5.877295017242432,293.2631530761719
2020-02-03,74.3351821899414,73.47843933105469,202.4125213623047,164.83645629882812,5.974245548248291,295.4416198730469
2020-02-04,76.78926086425781,71.63528442382812,208.00338745117188,170.26235961914062,6.14328145980835,299.9444885253906
2020-02-05,77.41543579101562,71.66699981689453,208.2809600830078,170.0543670654297,6.233518600463867,303.4083557128906
2020-02-06,78.32095336914062,73.14986419677734,209.0145263671875,173.58029174804688,6.32027530670166,304.42919921875
2020-02-07,77.25637817382812,73.30546569824219,210.4816436767578,173.82601928710938,6.254151821136475,302.8067626953125
2020-02-10,77.623291015625,74.77000427246094,211.20529174804688,178.372802734375,6.537041187286377,305.0672912597656
2020-02-11,77.15498352050781,74.83938598632812,205.3863983154297,174.34593200683594,6.6593427658081055,305.5960388183594
2020-02-12,78.98722076416016,75.26412200927734,208.9253387451172,174.60116577148438,6.774936676025391,307.5647888183594
2020-02-13,78.42473602294922,75.00440979003906,211.28457641601562,173.65585327148438,6.731184959411621,307.23675537109375
2020-02-14,78.44405364990234,75.26908111572266,212.3155059814453,175.20611572265625,7.203744888305664,307.7289123535156
2020-02-18,77.00772857666016,75.30426025390625,215.90403747558594,176.98318481445312,7.372286319732666,306.9359436035156
2020-02-19,78.12300109863281,75.57337188720703,215.59674072265625,177.5140380859375,7.822971343994141,308.4034423828125
2020-02-20,77.32154846191406,75.1828384399414,212.71206665039062,174.8031768798828,7.673820495605469,307.1364440917969
2020-02-21,75.57137298583984,73.52107238769531,208.35037231445312,169.27716064453125,7.310141086578369,303.973388671875
2020-02-24,71.98170471191406,70.3690185546875,198.97271728515625,161.97869873046875,6.793332099914551,293.8919982910156
2020-02-25,69.54353332519531,68.7067642211914,195.05709838867188,159.30581665039062,6.514172077178955,284.98651123046875
2020-02-26,70.646728515625,68.91243743896484,195.48336791992188,161.2962646484375,6.653378963470459,283.938232421875
2020-02-27,66.0286865234375,65.16962432861328,188.09820556640625,149.93148803710938,6.283014297485352,271.1861572265625
2020-02-28,65.99007415771484,66.37395477294922,190.79454040527344,153.5618133544922,6.717552185058594,270.0467529296875
2020-03-02,72.13375854492188,68.7067642211914,194.72999572753906,163.7796173095703,6.875746726989746,281.7414855957031
2020-03-03,69.84284973144531,66.2981185913086,184.2718048095703,155.93141174316406,6.61358118057251,273.674560546875
2020-03-04,73.08248901367188,68.47283935546875,190.0906982421875,161.6564483642578,7.076722145080566,285.1778869628906
2020-03-05,70.71192932128906,65.16020202636719,183.55810546875,157.59962463378906,6.797645092010498,275.69805908203125
2020-03-06,69.77285766601562,64.21757507324219,179.51358032226562,153.14476013183594,6.617311954498291,271.1405944824219
2020-03-09,64.25436401367188,60.25520324707031,168.02447509765625,142.76571655273438,6.104920387268066,249.9659423828125
2020-03-10,68.88207244873047,63.1981086730957,176.63882446289062,152.5286102294922,6.493940353393555,262.9004211425781
2020-03-11,66.48977661132812,60.01285171508789,168.75802612304688,145.6187744140625,6.130540370941162,250.08438110351562
2020-03-12,59.92359161376953,55.089012145996094,153.1253204345703,131.8085174560547,5.380359172821045,226.15708923339844
2020-03-13,67.10294342041016,60.17987823486328,168.7976837158203,150.54757690429688,5.990503787994385,245.4903564453125
2020-03-16,58.4703483581543,53.17845916748047,144.73895263671875,128.35838317871094,4.885130882263184,218.62789916992188
2020-03-17,61.041290283203125,55.41165542602539,148.11929321289062,138.92691040039062,5.404237270355225,230.43206787109375
2020-03-18,59.546993255615234,54.079959869384766,145.6807098388672,133.0786590576172,5.044817924499512,218.7646484375
2020-03-19,59.09075164794922,55.094966888427734,151.79701232910156,135.26820373535156,5.297283172607422,219.2295379638672
2020-03-20,55.3393440246582,52.94105911254883,148.4265899658203,130.18771362304688,5.1176958084106445,209.78201293945312
2020-03-23,54.1637077331543,52.24325180053711,146.810791015625,128.88912963867188,5.290317058563232,204.418212890625
2020-03-24,59.59769821166992,56.00389862060547,159.57864379882812,140.60459899902344,6.1979475021362305,222.939208984375
2020-03-25,59.26938247680664,54.59687805175781,154.85018920898438,139.25865173339844,6.109398365020752,226.2766571044922
2020-03-26,62.388328552246094,57.63493347167969,161.91812133789062,147.96939086914062,6.398426055908203,239.48887634277344
2020-03-27,59.805301666259766,55.02508544921875,155.42514038085938,141.8937225341797,6.286247730255127,232.35557556152344
2020-03-30,61.512027740478516,56.811737060546875,164.50538635253906,151.8745880126953,6.606119632720947,239.9015350341797
2020-03-31,61.386505126953125,57.58686065673828,165.3479766845703,149.48602294921875,6.556621551513672,236.32562255859375
2020-04-01,58.156524658203125,54.62066650390625,158.210693359375,144.1780242919922,6.045970439910889,225.68984985351562
2020-04-02,59.12696838378906,55.36060333251953,156.81292724609375,147.1637420654297,6.354400157928467,230.89772033691406
2020-04-03,58.2772216796875,54.154788970947266,152.8378448486328,145.80833435058594,6.066864490509033,227.560302734375
2020-04-06,63.36117172241211,58.6395378112793,164.10888671875,156.6517333984375,6.676014423370361,242.8446502685547
2020-04-07,62.6273078918457,58.608306884765625,167.36032104492188,154.96458435058594,6.442950248718262,243.09219360351562
2020-04-08,64.23023223876953,59.81956481933594,172.7628631591797,156.5190887451172,6.639947414398193,251.25247192382812
2020-04-09,64.69373321533203,59.798255920410156,173.66494750976562,156.5285186767578,6.540454387664795,255.07586669921875
2020-04-13,65.96349334716797,59.98856735229492,173.26841735839844,156.8792724609375,6.712080001831055,252.74696350097656
2020-04-14,69.29486846923828,62.705482482910156,176.6190185546875,164.6421356201172,7.0627946853637695,260.2012634277344
2020-04-15,68.66240692138672,62.31246566772461,175.429443359375,162.91708374023438,6.985437870025635,254.67237854003906
2020-04-16,69.20796966552734,62.31890869140625,174.71571350097656,167.80801391601562,7.330181121826172,255.9010772705078
2020-04-17,68.26893615722656,63.3879280090332,177.6796875,169.28660583496094,7.270984172821045,262.8143310546875
2020-04-20,66.85186004638672,62.503273010253906,176.6884002685547,165.93124389648438,7.139901161193848,258.18402099609375
2020-04-21,64.78546905517578,60.07529830932617,169.31317138671875,159.0687713623047,6.703622817993164,250.34474182128906
2020-04-22,66.65152740478516,62.36747360229492,180.69325256347656,164.47154235839844,7.117515563964844,255.9010772705078
2020-04-23,66.39319610595703,62.99985885620117,183.5184326171875,162.4810791015625,7.064285755157471,255.8827362060547
2020-04-24,68.3099365234375,63.26898193359375,188.41542053222656,165.44784545898438,7.203079700469971,259.4493103027344
2020-04-27,68.35823822021484,62.984500885009766,185.86778259277344,164.97389221191406,7.38938045501709,263.19024658203125
2020-04-28,67.25019073486328,61.08782196044922,181.3177490234375,160.95504760742188,7.247106552124023,261.9799499511719
2020-04-29,69.45903015136719,66.51915740966797,192.49954223632812,168.1776580810547,7.423706531524658,268.8382263183594
2020-04-30,70.92433166503906,66.74317932128906,202.92799377441406,169.8648681640625,7.269989490509033,266.3351135253906
2020-05-01,69.78252410888672,65.28707885742188,200.5092010498047,165.46682739257812,7.033693790435791,259.2843017578125
2020-05-04,70.76984405517578,65.56362915039062,203.47317504882812,169.51416015625,7.245365619659424,259.99945068359375
2020-05-05,71.83202362060547,66.85813903808594,205.26742553710938,171.3340301513672,7.3063063621521,262.40167236328125
2020-05-06,72.57311248779297,66.68023681640625,206.65524291992188,173.02117919921875,7.407041549682617,260.6229553222656
2020-05-07,73.32389068603516,67.86224365234375,209.4209442138672,174.02593994140625,7.583145618438721,263.7678527832031
2020-05-08,75.06914520263672,68.608642578125,210.50144958496094,175.04959106445312,7.772929668426514,268.1321716308594
2020-05-11,76.2503662109375,69.56266784667969,211.3242645263672,177.00221252441406,8.024648666381836,268.18719482421875
2020-05-12,75.37896728515625,68.1546630859375,208.2710723876953,172.9927520751953,7.762980937957764,262.8418273925781
2020-05-13,74.46881866455078,66.82394409179688,203.3145751953125,170.37667846679688,7.740594863891602,258.1932678222656
2020-05-14,74.92633056640625,67.2467041015625,205.0097198486328,171.1160125732422,7.9898247718811035,261.2831115722656
2020-05-15,74.48336029052734,68.04959106445312,209.0442352294922,173.60887145996094,8.447741508483887,262.48419189453125
2020-05-18,76.23826599121094,68.6502685546875,211.33413696289062,175.2676239013672,8.705930709838867,270.4794921875
2020-05-19,75.79773712158203,68.11600494384766,214.99203491210938,174.05438232421875,8.76090145111084,267.7012939453125
2020-05-20,77.27185821533203,69.8387222290039,227.96807861328125,176.4686279296875,8.924564361572266,272.2490234375
2020-05-21,76.69575500488281,69.71927642822266,229.375732421875,174.34898376464844,8.730803489685059,270.3694152832031
2020-05-22,77.1895523071289,70.04092407226562,232.8650665283203,174.425048828125,8.980533599853516,270.8829345703125
2020-05-26,76.66670227050781,70.44385528564453,230.17868041992188,172.5811004638672,8.67359447479248,274.2203063964844
2020-05-27,77.00074768066406,70.38984680175781,227.14532470703125,172.8092803955078,8.482068061828613,278.30029296875
2020-05-28,77.03461456298828,70.28873443603516,223.49734497070312,172.41954040527344,8.444010734558105,277.7869567871094
2020-05-29,76.95960998535156,71.04601287841797,223.1305694580078,174.1779327392578,8.830544471740723,279.02484130859375
2020-06-01,77.90604400634766,71.11293029785156,229.8911895751953,173.77870178222656,8.761645317077637,280.1524658203125
2020-06-02,78.26670837402344,71.48165893554688,230.69412231445312,175.7557830810547,8.780550003051758,282.4721984863281
2020-06-03,78.69754791259766,71.33000183105469,228.15643310546875,176.18348693847656,8.725081443786621,286.23138427734375
2020-06-04,78.01979064941406,70.09346008300781,224.3201141357422,173.86422729492188,8.726076126098633,285.4794921875
2020-06-05,80.24188995361328,71.3681640625,228.76112365722656,177.932373046875,8.87886905670166,292.7961730957031
2020-06-08,80.71631622314453,71.76564025878906,229.3856201171875,179.03492736816406,8.76440143585205,296.3354797363281
2020-06-09,83.26517486572266,71.96585845947266,236.5923614501953,180.40365600585938,9.004288673400879,294.1257629394531
2020-06-10,85.40737915039062,72.59132385253906,234.66925048828125,187.0951385498047,9.323559761047363,292.484619140625
2020-06-11,81.30693817138672,69.47891235351562,222.47630310058594,177.04843139648438,8.75568962097168,275.6230773925781
2020-06-12,82.0088882446289,70.02508544921875,226.59019470214844,178.44566345214844,8.89130973815918,278.9238586425781
2020-06-15,83.02312469482422,70.41263580322266,230.47605895996094,179.5862274169922,9.131447792053223,281.5277404785156
2020-06-16,85.2234115600586,71.68783569335938,233.59861755371094,183.98699951171875,9.026683807373047,286.9465637207031
2020-06-17,85.10481262207031,71.9886703491211,233.47967529296875,184.6238555908203,9.193412780761719,285.75457763671875
2020-06-18,85.13871002197266,71.07575988769531,233.88612365722656,186.60086059570312,9.175495147705078,285.86456298828125
2020-06-19,84.65218353271484,70.60592651367188,236.71128845214844,185.48876953125,9.218547821044922,284.2310485839844
2020-06-22,86.86698150634766,71.8954849243164,237.1375732421875,190.64048767089844,9.48282241821289,286.0543212890625
2020-06-23,88.72113037109375,72.55563354492188,240.13128662109375,191.91415405273438,9.406424522399902,287.3711853027344
2020-06-24,87.155029296875,71.00537872314453,231.9828338623047,188.04563903808594,9.192914009094238,280.04083251953125
2020-06-25,88.31206512451172,71.42168426513672,233.62835693359375,190.421875,9.446243286132812,283.0429992675781
2020-06-26,85.59861755371094,67.52821350097656,214.19898986816406,186.61041259765625,9.112785339355469,276.3202209472656
2020-06-29,87.57136535644531,69.24449157714844,218.71929931640625,188.61593627929688,9.15757942199707,280.38153076171875
2020-06-30,88.3023910522461,70.279296875,225.09335327148438,193.4348907470703,9.45395565032959,283.9730224609375
2020-07-01,88.13536834716797,71.4662857055664,235.4821014404297,194.56600952148438,9.486058235168457,285.9622802734375
2020-07-02,88.13536834716797,72.85050201416016,231.38804626464844,196.0487823486328,9.5679292678833,287.5369873046875
2020-07-06,90.49301147460938,74.32345581054688,238.1883544921875,200.26898193359375,9.7938814163208,291.9757995605469
2020-07-07,90.21222686767578,73.84122467041016,238.76327514648438,197.94024658203125,9.826231956481934,288.9644775390625
2020-07-08,92.31327056884766,74.51922607421875,241.45960998535156,202.29351806640625,10.168891906738281,291.17462158203125
2020-07-09,92.71023559570312,75.2656021118164,242.37161254882812,203.7097930908203,10.460540771484375,289.5169677734375
2020-07-10,92.87239074707031,76.27416229248047,242.9366455078125,203.09193420410156,10.430927276611328,292.47308349609375
2020-07-13,92.44398498535156,74.94692993164062,236.9194793701172,196.81874084472656,10.005899429321289,289.9405517578125
2020-07-14,93.97379302978516,75.3746337890625,237.6431121826172,198.03526306152344,10.32914924621582,293.697998046875
2020-07-15,94.62006378173828,75.17740631103516,238.1883544921875,197.7406768798828,10.180089950561523,296.39617919921875
2020-07-16,93.45576477050781,75.08023834228516,238.83267211914062,193.82464599609375,10.088019371032715,295.42010498046875
2020-07-17,93.2669677734375,75.1759033203125,239.923095703125,192.8361053466797,10.154458999633789,296.27655029296875
2020-07-20,95.23247528076172,77.50475311279297,243.28358459472656,201.12442016601562,10.462285995483398,298.6708679199219
2020-07-21,93.91812133789062,77.11222076416016,239.6455535888672,198.41552734375,10.280875205993652,299.3062438964844
2020-07-22,94.18196105957031,77.5548095703125,237.7819061279297,201.26699829101562,10.390617370605469,301.00994873046875
2020-07-23,89.89513397216797,75.17095184326172,230.57521057128906,192.512939453125,10.083040237426758,297.41845703125
2020-07-24,89.67243957519531,74.74768829345703,228.70164489746094,191.33432006835938,10.147492408752441,295.50286865234375
2020-07-27,91.79768371582031,75.79936981201172,231.4673614501953,193.7581024169922,10.37344741821289,297.6579284667969
2020-07-28,90.2896728515625,74.52169799804688,228.1167755126953,192.0186767578125,10.16839599609375,295.7699890136719
2020-07-29,92.02040100097656,75.5059585571289,231.25917053222656,193.9577178955078,10.417243957519531,299.4075622558594
2020-07-30,93.13385009765625,76.24244689941406,232.4586639404297,193.80564880371094,10.565058708190918,298.3393859863281
2020-07-31,102.8839111328125,73.74360656738281,251.4617462158203,194.8606719970703,10.565804481506348,300.69683837890625
2020-08-03,105.47635650634766,73.48638916015625,249.76666259765625,205.81983947753906,10.959480285644531,302.7874755859375
2020-08-04,106.18073272705078,73.01753997802734,247.65521240234375,202.73077392578125,11.175976753234863,303.9569396972656
2020-08-05,106.56558990478516,73.30448150634766,246.9513702392578,202.3980712890625,11.234705924987793,305.8448181152344
2020-08-06,110.28357696533203,74.58612060546875,262.9706726074219,205.63929748535156,11.28322982788086,307.88922119140625
2020-08-07,107.77617645263672,74.26001739501953,266.1031799316406,201.96084594726562,11.147858619689941,308.1102294921875
2020-08-10,109.34271240234375,74.1832046508789,260.7105407714844,197.94024658203125,11.113518714904785,309.0311584472656
2020-08-11,106.09088134765625,73.37635803222656,253.90036010742188,193.3113555908203,10.799969673156738,306.4801940917969
2020-08-12,109.61673736572266,74.69962310791016,257.6276550292969,198.83372497558594,11.38749885559082,310.7532958984375
2020-08-13,111.55668640136719,75.16597747802734,259.0252990722656,198.3679962158203,11.390236854553223,310.1915588378906
2020-08-14,111.45726013183594,74.57027435302734,258.9658508300781,198.55807495117188,11.5106782913208,310.20074462890625
2020-08-17,111.16625213623047,75.14566040039062,258.8865661621094,199.86978149414062,12.280111312866211,311.1861267089844
2020-08-18,112.09257507324219,77.10529327392578,260.05633544921875,201.0198211669922,12.20421314239502,311.85845947265625
2020-08-19,112.23320007324219,76.55169677734375,260.3041076660156,199.80026245117188,12.08253002166748,310.55987548828125
2020-08-20,114.72362518310547,78.11978912353516,266.6683044433594,204.44993591308594,12.085015296936035,311.5267639160156
2020-08-21,120.6356201171875,78.08609771728516,264.6856689453125,202.9635467529297,12.625016212463379,312.63189697265625
2020-08-24,122.0784683227539,78.56088256835938,269.0275573730469,203.60194396972656,12.661598205566406,315.7998352050781
2020-08-25,121.07697296142578,79.5867919921875,278.37542724609375,206.25071716308594,12.691210746765137,316.9049377441406
2020-08-26,122.72349548339844,81.48396301269531,301.264404296875,210.70973205566406,12.714102745056152,320.0821533203125
2020-08-27,121.25642395019531,80.7103271484375,290.6674499511719,215.88345336914062,12.57002067565918,320.7820129394531
2020-08-28,121.05997467041016,81.25101470947266,291.1036682128906,218.10342407226562,13.08712387084961,322.85406494140625
2020-08-31,125.1654052734375,80.76038360595703,290.6476745605469,214.88296508789062,13.312828063964844,321.68450927734375
2020-09-01,130.15106201171875,82.02664184570312,292.8681640625,216.54086303710938,13.761385917663574,324.71429443359375
2020-09-02,127.45450592041016,85.11477661132812,299.8667297363281,220.7140655517578,14.284621238708496,329.4109802246094
2020-09-03,117.25041198730469,80.75938415527344,288.58575439453125,207.04150390625,12.959360122680664,318.07452392578125
2020-09-04,117.32801818847656,78.36561584472656,280.268798828125,204.13546752929688,12.56805419921875,315.4776611328125
2020-09-08,109.43243408203125,75.51043701171875,268.7995300292969,193.0926513671875,11.861616134643555,306.85784912109375
2020-09-09,113.79730224609375,76.6815414428711,271.3371887207031,201.31521606445312,12.660157203674316,312.9174499511719
2020-09-10,110.08230590820312,75.63184356689453,265.7562255859375,195.6747283935547,12.258646011352539,307.4840393066406
2020-09-11,108.6370620727539,75.12187957763672,264.2890930175781,194.39794921875,12.112031936645508,307.6406555175781
2020-09-14,111.89614868164062,74.77841186523438,263.8331604003906,195.71282958984375,12.816730499267578,311.6925964355469
2020-09-15,112.07075500488281,76.08135986328125,270.048583984375,198.92373657226562,12.934966087341309,313.2673645019531
2020-09-16,108.76313018798828,74.93998718261719,261.22601318359375,195.3698272705078,12.460521697998047,312.0240783691406
2020-09-17,107.0268783569336,73.69850158691406,252.60179138183594,193.33079528808594,12.40974235534668,309.2797546386719
2020-09-18,103.63199615478516,71.91679382324219,250.33169555664062,190.9298095703125,12.136672973632812,305.71917724609375
2020-09-21,106.77470397949219,70.87850952148438,245.9898223876953,192.97828674316406,12.46325969696045,302.3166809082031
2020-09-22,108.4527587890625,72.34944915771484,252.53236389160156,197.6279296875,12.583240509033203,305.39556884765625
2020-09-23,103.903564453125,69.85011291503906,246.85226440429688,191.120361328125,12.071455001831055,298.3131103515625
2020-09-24,104.97055053710938,70.5177001953125,247.35780334472656,193.5976104736328,12.29473876953125,299.1083068847656
2020-09-25,108.90864562988281,71.32058715820312,252.60179138183594,198.00912475585938,12.818222045898438,303.94390869140625
2020-09-28,111.50816345214844,72.2919692993164,254.5843505859375,199.55258178710938,12.978776931762695,308.9922790527344
2020-09-29,110.6642837524414,72.65673065185547,259.5111083984375,197.47547912597656,13.16870403289795,307.3095397949219
2020-09-30,112.33263397216797,72.63592529296875,259.6201171875,200.4005584716797,13.472139358520508,309.6394958496094
2020-10-01,113.28321838378906,73.7411117553711,264.3089599609375,202.4300537109375,13.55577564239502,311.6273498535156
2020-10-02,109.62642669677734,72.14031982421875,257.6771240234375,196.45602416992188,13.00590991973877,308.6686706542969
2020-10-05,113.00193786621094,73.4898452758789,262.3462219238281,200.4481658935547,13.583657264709473,314.1422424316406
2020-10-06,109.7622299194336,71.91333770751953,256.4083557128906,196.1892547607422,13.677249908447266,309.6764831542969
2020-10-07,111.62455749511719,72.31576538085938,255.87301635742188,199.92416381835938,13.903770446777344,315.0668640136719
2020-10-08,111.51786804199219,73.51957702636719,261.4639587402344,200.6387481689453,13.779060363769531,317.8592224121094
2020-10-09,113.45781707763672,74.85871887207031,262.14794921875,205.62185668945312,13.703389167785645,320.69769287109375
2020-10-12,120.66471862792969,77.54191589355469,273.3495788574219,210.94798278808594,14.164639472961426,325.85693359375
2020-10-13,117.46379852294922,77.66483306884766,273.7362060546875,212.3390350341797,14.186793327331543,323.73040771484375
2020-10-14,117.55110931396484,77.48492431640625,269.4537658691406,210.4334716796875,14.034453392028809,321.6962890625
2020-10-15,117.08551788330078,77.08992767333984,264.3981628417969,209.2901153564453,13.909745216369629,321.2987060546875
2020-10-16,115.44627380371094,77.696044921875,263.6150207519531,209.2901153564453,13.751925468444824,321.10455322265625
2020-10-19,112.4975357055664,75.82514953613281,259.1244812011719,204.10690307617188,13.439529418945312,316.2226257324219
2020-10-20,113.9815902709961,76.87236022949219,265.2308654785156,204.51658630371094,13.586644172668457,317.4893798828125
2020-10-21,113.36083984375,78.60250854492188,276.30364990234375,204.65957641601562,13.466412544250488,316.888427734375
2020-10-22,112.27445220947266,79.6269302368164,275.69891357421875,204.7452850341797,13.303370475769043,318.62652587890625
2020-10-23,111.58576202392578,80.9313735961914,282.31085205078125,206.02200317382812,13.531632423400879,319.7083740234375
2020-10-26,111.59546661376953,78.51825714111328,274.69775390625,200.162353515625,13.084568977355957,313.8002014160156
2020-10-27,113.09892272949219,79.2413558959961,280.8239440917969,203.1826934814453,13.338967323303223,312.7184753417969
2020-10-28,107.8610610961914,74.87604522705078,265.33990478515625,193.1116943359375,12.572538375854492,302.0300598144531
2020-10-29,111.85736846923828,77.15980529785156,278.3853454589844,195.05538940429688,12.967824935913086,305.099609375
2020-10-30,105.5913314819336,80.09527587890625,260.8196105957031,192.91160583496094,12.479937553405762,301.9190673828125
2020-11-02,105.5040283203125,80.5021743774414,259.0848083496094,192.77822875976562,12.526485443115234,305.30316162109375
2020-11-03,107.12387084960938,81.5597915649414,262.99053955078125,196.68467712402344,12.963343620300293,310.6935729980469
2020-11-04,111.49845886230469,86.52525329589844,284.8783264160156,206.17446899414062,13.73475170135498,317.6372375488281
2020-11-05,115.45594787597656,87.35044860839844,292.11474609375,212.7487335205078,14.098923683166504,323.8321228027344
2020-11-06,115.32479858398438,87.21316528320312,290.8558654785156,213.158447265625,14.499191284179688,323.75811767578125
2020-11-09,113.02198791503906,87.29690551757812,276.3432922363281,208.08006286621094,13.5719575881958,327.8263244628906
2020-11-10,112.68189239501953,86.1223373413086,270.0584716796875,201.0484619140625,12.714920043945312,327.34552001953125
2020-11-11,116.10208892822266,86.59366607666016,274.0732421875,206.32688903808594,13.360126495361328,329.7772521972656
2020-11-12,115.83003234863281,86.3750991821289,272.6854248046875,205.26930236816406,13.39870834350586,326.5781555175781
2020-11-13,115.87861633300781,87.83415222167969,274.5391540527344,206.28878784179688,13.23964786529541,331.0994873046875
2020-11-16,116.88915252685547,87.921875,276.5316162109375,206.97483825683594,13.456955909729004,335.2323913574219
2020-11-17,116.00492858886719,87.30880737304688,272.6060791015625,204.33560180664062,13.364355087280273,333.4293518066406
2020-11-18,114.68350982666016,86.26704406738281,269.6025085449219,201.64166259765625,13.370827674865723,329.4167785644531
2020-11-19,115.2762222290039,87.15567016601562,270.5640563964844,202.92173767089844,13.382277488708496,330.80364990234375
2020-11-20,114.0130615234375,86.05592346191406,267.3521728515625,200.9824981689453,13.03130054473877,328.538330078125
2020-11-23,110.62202453613281,85.61878967285156,266.0932922363281,200.71507263183594,13.08332347869873,330.5076904296875
2020-11-24,111.90460205078125,87.41983795166016,274.5093688964844,204.29736328125,12.901859283447266,335.83343505859375
2020-11-25,112.74020385742188,87.43122863769531,273.1909484863281,204.3069610595703,13.177667617797852,335.31561279296875
2020-11-27,113.2843246459961,88.56565856933594,275.3916320800781,205.6061553955078,13.204049110412598,336.2494812011719
2020-11-30,115.67459869384766,86.94900512695312,274.5589599609375,204.49798583984375,13.343695640563965,334.76080322265625
2020-12-01,119.24053192138672,88.97899627685547,284.0555419921875,206.5423126220703,13.332245826721191,338.4222717285156
2020-12-02,119.59033203125,90.44648742675781,285.01708984375,205.73988342285156,13.48608112335205,339.13421630859375
2020-12-03,119.45427703857422,90.29136657714844,279.3964538574219,204.66041564941406,13.342159271240234,339.041748046875
2020-12-04,118.78385925292969,90.38652801513672,277.2651672363281,204.7750244140625,13.503759384155273,341.9634704589844
2020-12-07,120.2413558959961,90.052978515625,283.093994140625,204.70814514160156,13.5520601272583,341.2607727050781
2020-12-08,120.85347747802734,89.77049255371094,280.9329833984375,206.3512725830078,13.296346664428711,342.2593994140625
2020-12-09,118.32720184326172,88.11167907714844,275.5006408691406,202.32949829101562,12.878777503967285,339.1898193359375
2020-12-10,119.74579620361328,87.60568237304688,274.7076110839844,201.106689453125,12.920113563537598,339.0788269042969
2020-12-11,118.9393081665039,87.96002960205078,271.168701171875,203.72418212890625,12.960949897766113,338.6811828613281
2020-12-14,118.32720184326172,86.84294128417969,271.80316162109375,204.6221466064453,13.25526237487793,337.1648864746094
2020-12-15,124.25424194335938,87.28007507324219,273.1512451171875,204.55531311035156,13.306802749633789,341.7231140136719
2020-12-16,124.18620300292969,87.0872802734375,273.2702331542969,209.47499084472656,13.189278602600098,342.2593994140625
2020-12-17,125.0510025024414,86.26060485839844,272.0906677246094,209.60874938964844,13.287629127502441,344.1733093261719
2020-12-18,123.06881713867188,85.5523910522461,273.99395751953125,208.81588745117188,13.218656539916992,342.79901123046875
2020-12-21,124.59431457519531,85.9657211303711,270.41534423828125,212.63702392578125,13.278667449951172,341.57330322265625
2020-12-22,128.14083862304688,85.25503540039062,264.76495361328125,213.9267120361328,13.224882125854492,340.9977722167969
2020-12-23,127.24691772460938,85.65200805664062,265.7760925292969,211.13723754882812,12.956964492797852,341.30413818359375
2020-12-24,128.22824096679688,85.94589233398438,265.07220458984375,212.7899169921875,12.941527366638184,342.6319580078125
2020-12-28,132.81443786621094,87.91841125488281,274.5886535644531,214.90106201171875,12.848153114318848,345.5754089355469
2020-12-29,131.04605102539062,87.11553192138672,274.37060546875,214.1272430419922,12.891229629516602,344.9161071777344
2020-12-30,129.9286346435547,86.04947662353516,269.50335693359375,211.7677001953125,13.092916488647461,345.4082946777344
2020-12-31,128.92784118652344,86.86178588867188,270.7821350097656,212.474609375,13.002531051635742,347.1632385253906
2021-01-04,125.74088287353516,85.54793548583984,266.5988464355469,207.9561309814453,13.060796737670898,342.4369201660156
2021-01-05,127.29546356201172,86.23780822753906,268.61114501953125,208.15675354003906,13.350876808166504,344.79547119140625
2021-01-06,123.01050567626953,85.38685607910156,261.017822265625,202.7593994140625,12.563799858093262,346.8568115234375
2021-01-07,127.20804595947266,87.93724822998047,266.400634765625,208.52928161621094,13.290369033813477,352.01019287109375
2021-01-08,128.30596923828125,89.1014175415039,265.2407531738281,209.79983520507812,13.223390579223633,354.015869140625
2021-01-11,125.32303619384766,87.04267120361328,254.6041717529297,207.7650146484375,13.566753387451172,351.6294860839844
2021-01-12,125.14816284179688,86.10795593261719,248.9042205810547,205.3195343017578,13.430554389953613,351.7037353515625
2021-01-13,127.17888641357422,86.59465026855469,249.44944763183594,206.6664581298828,13.477364540100098,352.6509094238281
2021-01-14,125.25504302978516,85.78531646728516,243.50167846679688,203.49493408203125,13.147195816040039,351.4158935546875
2021-01-15,123.53518676757812,85.62176513671875,249.17189025878906,203.1414794921875,12.807815551757812,348.85308837890625
2021-01-19,124.20564270019531,88.43929290771484,258.8271179199219,206.7620086669922,12.972900390625,351.5923156738281
2021-01-20,128.28659057617188,93.17727661132812,265.1515808105469,214.3087921142578,13.312033653259277,356.4579162597656
2021-01-21,132.98931884765625,93.37947082519531,270.4945983886719,214.91061401367188,13.811765670776367,356.7828369140625
2021-01-22,135.12696838378906,93.7962875366211,272.11041259765625,215.8468017578125,13.657386779785156,355.52008056640625
2021-01-25,138.8677978515625,93.88152313232422,275.5899658203125,219.26669311523438,13.598376274108887,356.92218017578125
2021-01-26,139.10101318359375,94.55901336669922,279.5946960449219,221.9415283203125,13.381251335144043,356.3650817871094
2021-01-27,138.03219604492188,90.14763641357422,269.77099609375,222.4860076904297,12.86583423614502,347.65533447265625
2021-01-28,133.203125,91.84559631347656,262.6932067871094,228.24636840820312,12.99854850769043,350.6452941894531
2021-01-29,128.21856689453125,90.56494140625,256.0812072753906,221.5880584716797,12.937542915344238,343.6254577636719
2021-02-01,130.3367462158203,93.82157135009766,259.72918701171875,228.93421936035156,13.183799743652344,349.3452453613281
2021-02-02,131.1626434326172,95.11261749267578,264.7549743652344,228.8004913330078,13.502264022827148,354.28509521484375
2021-02-03,130.14244079589844,102.03919219970703,264.3287353515625,232.13438415527344,13.47612190246582,354.5636291503906
2021-02-04,133.4945831298828,101.77901458740234,264.170166015625,231.1886749267578,13.609333992004395,358.59356689453125
2021-02-05,133.0810089111328,103.52352905273438,265.7661437988281,231.37017822265625,13.536376953125,360.0049133300781
2021-02-08,133.2269744873047,103.30992889404297,264.25933837890625,231.6281280517578,14.380721092224121,362.6048278808594
2021-02-09,132.35122680664062,102.85745239257812,267.10443115234375,232.87001037597656,14.205924034118652,362.3634033203125
2021-02-10,131.74789428710938,103.40706634521484,269.50335693359375,231.9624786376953,14.704910278320312,362.20556640625
2021-02-11,131.494873046875,103.51956939697266,268.0362243652344,233.5577850341797,15.189456939697266,362.7905578613281
2021-02-12,131.72840881347656,103.830810546875,268.145263671875,234.03541564941406,14.90112018585205,364.58270263671875
2021-02-16,129.60708618164062,104.607421875,271.5850524902344,232.80311584472656,15.268637657165527,364.2669677734375
2021-02-17,127.32025909423828,104.99993133544922,271.18853759765625,233.81805419921875,14.846090316772461,364.3504638671875
2021-02-18,126.22067260742188,104.36505126953125,267.04498291015625,233.4254608154297,14.769400596618652,362.7998962402344
2021-02-19,126.37638092041016,103.52253723144531,259.2830810546875,230.7253875732422,14.866511344909668,362.1591796875
2021-02-22,122.6104736328125,101.81021118164062,258.06378173828125,224.54000854492188,14.298055648803711,359.37353515625
2021-02-23,122.47425079345703,102.10065460205078,263.545654296875,223.3527374267578,14.085163116455078,359.8099365234375
2021-02-24,121.97794342041016,103.27474212646484,262.0091247558594,224.57827758789062,14.440725326538086,363.7747802734375
2021-02-25,117.73526000976562,99.91156768798828,252.472900390625,219.25466918945312,13.254015922546387,355.00933837890625
2021-02-26,117.99799346923828,100.20693969726562,255.37738037109375,222.50054931640625,13.659379005432129,353.1801452636719
2021-03-01,124.35232543945312,102.57345581054688,262.60394287109375,226.86668395996094,13.786118507385254,361.7413024902344
2021-03-02,121.7541732788086,102.31673431396484,256.7453918457031,223.9271697998047,13.352368354797363,358.9185791015625
2021-03-03,118.7764663696289,99.68656158447266,253.1866455078125,217.88546752929688,12.75328540802002,354.1644287109375
2021-03-04,116.89839172363281,100.80265808105469,255.3972625732422,217.0907440185547,12.320533752441406,349.78167724609375
2021-03-05,118.1536865234375,103.93190002441406,261.9794006347656,221.75372314453125,12.411416053771973,356.2165222167969
2021-03-08,113.22979736328125,99.4927749633789,253.08750915527344,217.72267150878906,11.546655654907227,354.44293212890625
2021-03-09,117.83256530761719,101.121337890625,263.4267272949219,223.8410186767578,12.474235534667969,359.5035400390625
2021-03-10,116.75242614746094,100.91466522216797,262.593994140625,222.53884887695312,12.422426223754883,361.7413024902344
2021-03-11,118.67914581298828,104.10388946533203,271.4958190917969,227.04859924316406,12.945744514465332,365.4090576171875
2021-03-12,117.77418518066406,101.59910583496094,266.0635681152344,225.72726440429688,12.80875015258789,365.9011535644531
2021-03-15,120.654541015625,101.81915283203125,271.366943359375,224.8272247314453,13.142769813537598,368.08319091796875
2021-03-16,122.19205474853516,103.27871704101562,276.8487854003906,227.60394287109375,13.242402076721191,367.61895751953125
2021-03-17,121.40383911132812,103.19593048095703,281.5376892089844,226.9624481201172,13.292214393615723,368.8725891113281
2021-03-18,117.28763580322266,100.17869567871094,276.19464111328125,220.9111328125,12.675741195678711,363.5055236816406
2021-03-19,116.76213836669922,100.45722961425781,287.58453369140625,220.55686950683594,12.798535346984863,362.8329162597656
2021-03-22,120.07067108154297,100.64208221435547,290.9847412109375,225.95712280273438,13.137786865234375,365.7302551269531
2021-03-23,119.24356842041016,101.16941833496094,288.0999755859375,227.47947692871094,13.022710800170898,362.8515625
2021-03-24,116.85944366455078,100.7332763671875,279.6839904785156,225.44960021972656,12.596535682678223,361.0069885253906
2021-03-25,117.34600830078125,100.72979736328125,276.3135681152344,222.46226501464844,12.489178657531738,363.03790283203125
2021-03-26,117.9493179321289,100.34671020507812,280.55621337890625,226.42625427246094,12.792062759399414,368.8882141113281
2021-03-29,118.12448120117188,101.39044189453125,288.28839111328125,225.23898315429688,12.900660514831543,368.701904296875
2021-03-30,116.674560546875,101.42415618896484,285.4929504394531,221.9930877685547,12.824444770812988,367.7237548828125
2021-03-31,118.86405181884766,102.21958923339844,291.96612548828125,225.74639892578125,13.299192428588867,369.21429443359375
2021-04-01,119.69117736816406,105.55303955078125,296.0600891113281,232.0466766357422,13.760986328125,373.2014465332031
2021-04-05,122.51316833496094,109.97284698486328,306.220947265625,238.48095703125,13.936090469360352,378.55804443359375
2021-04-06,122.8147964477539,109.49209594726562,303.5940246582031,237.32244873046875,13.810555458068848,378.33441162109375
2021-04-07,124.45939636230469,110.96752166748047,310.36456298828125,239.2757110595703,14.09151840209961,378.77227783203125
2021-04-08,126.85317993164062,111.53252410888672,310.29510498046875,242.48330688476562,14.264382362365723,380.5702819824219
2021-04-09,129.42218017578125,112.53562927246094,309.7400207519531,244.97279357910156,14.347074508666992,383.3371276855469
2021-04-12,127.70954132080078,111.24457550048828,308.8279724121094,245.0301971435547,15.15310287475586,383.4768981933594
2021-04-13,130.81369018554688,111.73074340820312,307.0635070800781,247.50050354003906,15.621870994567871,384.61328125
2021-04-14,128.47824096679688,111.1102523803711,300.1839599609375,244.7238006591797,15.22085189819336,383.2997741699219
2021-04-15,130.8818359375,113.25820922851562,305.1403503417969,248.46755981445312,16.077939987182617,387.4173583984375
2021-04-16,130.55096435546875,113.13431549072266,303.5146484375,249.65484619140625,15.85401725769043,388.7123718261719
2021-04-19,131.2127227783203,113.48171997070312,299.6090087890625,247.7397918701172,15.305288314819336,386.80255126953125
2021-04-20,129.52919006347656,112.9489517211914,300.0153503417969,247.28030395507812,15.115489959716797,383.97052001953125
2021-04-21,129.9087371826172,112.91625213623047,298.845703125,249.50161743164062,15.304046630859375,387.603759765625
2021-04-22,128.3906707763672,111.6361083984375,293.9387512207031,246.2366485595703,14.795670509338379,384.0636901855469
2021-04-23,130.70668029785156,113.98576354980469,298.5086975097656,250.04739379882812,15.209144592285156,388.22784423828125
2021-04-26,131.0959014892578,114.48136901855469,300.4020080566406,250.430419921875,15.421113014221191,389.0383605957031
2021-04-27,130.77474975585938,113.54220581054688,300.9273986816406,250.83251953125,15.325217247009277,388.9545593261719
2021-04-28,129.986572265625,116.91529846191406,304.4266052246094,243.73760986328125,15.220602035522461,388.8426513671875
2021-04-29,129.88925170898438,118.58646392822266,326.6415710449219,241.77474975585938,15.268426895141602,391.32073974609375
2021-04-30,127.92363739013672,116.6407241821289,322.2500915527344,241.45877075195312,14.954336166381836,388.74951171875
2021-05-03,128.9745330810547,116.1242904663086,319.7718505859375,241.15240478515625,14.782220840454102,389.5880432128906
2021-05-04,124.41072082519531,114.32772064208984,315.588623046875,237.25537109375,14.298506736755371,387.18450927734375
2021-05-05,124.65398406982422,114.72124481201172,312.2777404785156,235.99154663085938,14.405359268188477,387.3056335449219
2021-05-06,126.2498779296875,115.84031677246094,317.2341613769531,239.11293029785156,14.469623565673828,390.39849853515625
2021-05-07,126.92247009277344,116.56290435791016,316.3023681640625,241.7268524169922,14.757808685302734,393.2398376464844
2021-05-10,123.64726257324219,113.58036041259766,303.3065490722656,236.6713409423828,14.213321685791016,389.34576416015625
2021-05-11,122.73099517822266,112.50538635253906,303.861572265625,235.76171875,14.253670692443848,385.8708801269531
2021-05-12,119.67030334472656,109.04557800292969,299.916259765625,228.839111328125,13.70793342590332,377.67303466796875
2021-05-13,121.81475067138672,110.47241973876953,302.60272216796875,232.69776916503906,13.61502742767334,382.2098388671875
2021-05-14,124.23213195800781,112.91773223876953,313.189697265625,237.60009765625,14.190654754638672,388.0788269042969
2021-05-17,123.08191680908203,113.44010925292969,312.71392822265625,234.75637817382812,14.113436698913574,387.0914001464844
2021-05-18,121.6977767944336,112.12921905517578,307.2617492675781,232.7456512451172,13.964238166809082,383.7563171386719
2021-05-19,121.54182434082031,112.5767593383789,310.86016845703125,233.3214569091797,14.014055252075195,382.7502136230469
2021-05-20,124.09567260742188,114.33367919921875,315.8364562988281,236.54603576660156,14.558794975280762,386.8677978515625
2021-05-21,122.26313781738281,113.69831848144531,313.4771728515625,235.28884887695312,14.936651229858398,386.5510559082031
2021-05-24,123.89096069335938,117.01441192626953,321.8039855957031,240.67274475097656,15.554620742797852,390.4916687011719
2021-05-25,123.6960220336914,117.10511016845703,324.9365539550781,241.5748748779297,15.590240478515625,389.625244140625
2021-05-26,123.64726257324219,117.96943664550781,324.8077087402344,241.35411071777344,15.642297744750977,390.39849853515625
2021-05-27,122.11692810058594,117.09568786621094,329.8533630371094,239.26199340820312,15.431076049804688,390.6034240722656
2021-05-28,121.46382904052734,116.80673217773438,325.86834716796875,239.61708068847656,16.184795379638672,391.30206298828125
2021-06-01,121.14217376708984,118.01255798339844,326.2648620605469,237.428955078125,16.204723358154297,390.9574279785156
2021-06-02,121.90248107910156,117.48770904541016,326.28472900390625,237.33297729492188,16.716588973999023,391.572265625
2021-06-03,120.42086029052734,116.34734344482422,323.2018127441406,235.80706787109375,16.90738296508789,390.1190185546875
2021-06-04,122.71150970458984,118.62661743164062,327.4742736816406,240.6823272705078,17.51364517211914,393.6869812011719
2021-06-07,122.72126770019531,119.05927276611328,333.6499938964844,243.5806427001953,17.554244995117188,393.30499267578125
2021-06-08,123.54004669189453,118.86796569824219,330.7752380371094,242.390625,17.39284324645996,393.38885498046875
2021-06-09,123.92019653320312,119.33880615234375,327.3750915527344,243.3695068359375,17.29842185974121,392.802001953125
2021-06-10,122.92595672607422,120.68635559082031,329.5658874511719,246.8723602294922,17.364938735961914,394.6278991699219
2021-06-11,124.1346664428711,120.4420166015625,328.3763427734375,247.49618530273438,17.763809204101562,395.280029296875
2021-06-14,127.18563842773438,121.3692855834961,333.83837890625,249.4156036376953,17.95663833618164,396.1650390625
2021-06-15,126.36685943603516,120.35231018066406,333.8185729980469,247.94723510742188,17.727184295654297,395.4383850097656
2021-06-16,126.86396026611328,119.71099853515625,328.1978759765625,247.0067138671875,17.748859405517578,393.23046875
2021-06-17,128.46253967285156,120.67346954345703,333.5806579589844,250.38485717773438,18.592941284179688,393.10003662109375
2021-06-18,127.1661148071289,119.05531311035156,326.7902526855469,248.97413635253906,18.574504852294922,387.7969665527344
2021-06-21,128.959716796875,120.74185180664062,329.3973693847656,252.04515075683594,18.363733291625977,393.3486328125
2021-06-22,130.5972442626953,121.25530242919922,336.0787048339844,254.80902099609375,18.82164764404297,395.4515686035156
2021-06-23,130.32432556152344,121.0535888671875,337.6250915527344,254.57872009277344,18.991561889648438,394.9749450683594
2021-06-24,130.04165649414062,121.42330932617188,340.19256591796875,255.9415283203125,19.13929557800293,397.3114929199219
2021-06-25,129.7492218017578,121.4317398071289,338.3983459472656,254.3387908935547,18.96540069580078,398.72283935546875
2021-06-28,131.37710571289062,121.45899200439453,352.5441589355469,257.8897399902344,19.91611099243164,399.5265197753906
2021-06-29,132.887939453125,121.19780731201172,348.8267822265625,260.461669921875,19.957719802856445,399.7416076660156
2021-06-30,133.5020294189453,121.01641845703125,344.68316650390625,259.9818420410156,19.933557510375977,400.07806396484375
2021-07-01,133.80419921875,121.3683090209961,351.3049621582031,260.65362548828125,20.142330169677734,402.29315185546875
2021-07-02,136.42628479003906,124.15657806396484,351.6123046875,266.4598083496094,20.416385650634766,405.3680419921875
2021-07-06,138.43426513671875,125.08089447021484,349.70904541015625,266.4693603515625,20.627147674560547,404.629638671875
2021-07-07,140.91990661621094,125.36238098144531,347.43896484375,268.6479187011719,20.30152702331543,406.05963134765625
2021-07-08,139.62347412109375,123.94495391845703,342.64105224609375,266.23907470703125,19.83414649963379,402.75103759765625
2021-07-09,141.4462432861328,124.41526794433594,347.3695983886719,266.73809814453125,19.98113441467285,407.0503234863281
2021-07-12,140.8516387939453,125.8594741821289,350.085693359375,266.1430969238281,20.441795349121094,408.5083923339844
2021-07-13,141.96287536621094,126.22225189208984,349.0250549316406,269.655517578125,20.18019676208496,407.11578369140625
2021-07-14,145.38426208496094,127.10989379882812,344.6038513183594,271.1239318847656,19.773099899291992,407.7232971191406
2021-07-15,144.7311553955078,125.88870239257812,341.46148681640625,269.7035217285156,18.9008731842041,406.3307189941406
2021-07-16,142.69395446777344,125.8540267944336,338.190185546875,269.4349365234375,18.098400115966797,403.14361572265625
2021-07-19,138.8533935546875,123.4830551147461,334.0168762207031,265.8455810546875,18.715017318725586,397.1900939941406
2021-07-20,142.45997619628906,125.1002197265625,338.685791015625,268.0625915527344,18.547847747802734,402.88189697265625
2021-07-21,141.72891235351562,126.42794799804688,343.2160339355469,270.0586853027344,19.34309196472168,406.1438293457031
2021-07-22,143.0935821533203,127.29275512695312,348.1328430175781,274.6076354980469,19.526460647583008,406.9942626953125
2021-07-23,144.80914306640625,131.8459014892578,366.57098388671875,277.995361328125,19.490585327148438,411.1814270019531
2021-07-26,145.2283172607422,132.85693359375,369.2176818847656,277.40032958984375,19.227495193481445,412.1907958984375
2021-07-27,143.06436157226562,130.7406768798828,364.608154296875,274.991455078125,19.141788482666016,410.3122253417969
2021-07-28,141.3195343017578,134.8978271484375,370.03057861328125,274.6844787597656,19.435771942138672,410.1440734863281
2021-07-29,141.96287536621094,134.58412170410156,355.2008056640625,274.9530944824219,19.59423065185547,411.84503173828125
2021-07-30,142.17733764648438,133.54234313964844,353.1983337402344,273.42718505859375,19.431791305541992,409.84490966796875
2021-08-02,141.8459014892578,133.6692352294922,348.88623046875,273.3409118652344,19.68192481994629,408.98504638671875
2021-08-03,143.63946533203125,134.43792724609375,348.1824035644531,275.548095703125,19.746694564819336,412.3124084472656
2021-08-04,143.2397918701172,133.93785095214844,355.79559326171875,274.962646484375,20.204118728637695,410.2841491699219
2021-08-05,143.34701538085938,135.05392456054688,359.81036376953125,277.85137939453125,20.565866470336914,412.8824462890625
2021-08-06,142.6636505126953,134.54544067382812,360.34564208984375,277.79388427734375,20.29579734802246,413.564697265625
2021-08-09,142.61488342285156,135.70960998535156,358.4621887207031,276.70941162109375,20.225040435791016,413.2283935546875
2021-08-10,142.13653564453125,135.6045684814453,357.9862976074219,274.8955383300781,19.867284774780273,413.7423400878906
2021-08-11,142.39035034179688,135.0812225341797,356.8265075683594,275.385009765625,19.631103515625,414.7703857421875
2021-08-12,145.34825134277344,135.98814392089844,359.49310302734375,278.12969970703125,19.836389541625977,416.013427734375
2021-08-13,145.55325317382812,136.5169677734375,360.0184631347656,281.0472106933594,20.118410110473633,416.7705383300781
2021-08-16,147.5252227783203,137.0938720703125,363.36907958984375,282.7265930175781,19.881227493286133,417.75189208984375
2021-08-17,146.61734008789062,135.4603271484375,355.32965087890625,281.26788330078125,19.390926361083984,415.0133972167969
2021-08-18,142.8784637451172,134.2584991455078,352.35577392578125,279.5468444824219,18.974363327026367,410.4710693359375
2021-08-19,143.21035766601562,134.48748779296875,352.0286560058594,285.3544006347656,19.729759216308594,411.1066589355469
2021-08-20,144.66490173339844,136.22161865234375,356.2416076660156,292.6524658203125,20.744247436523438,414.3778991699219
2021-08-23,146.1487579345703,138.81063842773438,360.18695068359375,292.9313049316406,21.88231086730957,418.0229187011719
2021-08-24,146.06089782714844,140.01991271972656,362.32818603515625,290.9794006347656,21.717880249023438,418.68658447265625
2021-08-25,144.8308563232422,140.83023071289062,365.18310546875,290.3929443359375,22.136432647705078,419.56512451171875
2021-08-26,144.03036499023438,140.19735717773438,361.20806884765625,287.5851745605469,21.991933822631836,417.08831787109375
2021-08-27,145.0651397705078,142.7383270263672,369.3861999511719,288.1910095214844,22.557973861694336,420.8174743652344
2021-08-30,149.47764587402344,143.3196563720703,377.3463134765625,291.91204833984375,22.60979652404785,422.66802978515625
2021-08-31,148.2183074951172,143.42572021484375,376.0774841308594,290.2678527832031,22.311771392822266,422.0419006347656
2021-09-01,148.8821563720703,143.9391632080078,378.72418212890625,290.21978759765625,22.367595672607422,422.26617431640625
2021-09-02,149.9950408935547,142.02760314941406,372.0130920410156,289.5659484863281,22.322738647460938,423.5653381347656
2021-09-03,150.62957763671875,142.4761199951172,372.984619140625,289.5563659667969,22.76827621459961,423.46246337890625
2021-09-07,152.9626922607422,143.0123748779297,378.8530578613281,288.6333312988281,22.587865829467773,421.94842529296875
2021-09-08,151.42030334472656,142.4280548095703,374.283203125,288.662109375,22.265928268432617,421.4342956542969
2021-09-09,150.405029296875,142.2793731689453,374.70947265625,285.8160095214844,22.104450225830078,419.6304931640625
2021-09-10,145.42633056640625,139.63780212402344,375.39349365234375,284.33514404296875,22.40446662902832,416.3218688964844
2021-09-13,145.99258422851562,141.08151245117188,373.232421875,285.56591796875,22.079538345336914,417.3873291015625
2021-09-14,144.5965576171875,141.29164123535156,373.25225830078125,288.25830078125,22.169240951538086,415.1349182128906
2021-09-15,145.48492431640625,143.1600799560547,370.6650085449219,293.0948181152344,22.26791763305664,418.60247802734375
2021-09-16,145.25059509277344,142.34776306152344,369.81243896484375,293.4794006347656,22.169240951538086,417.9388427734375
2021-09-17,142.5855712890625,139.56246948242188,361.5450744628906,288.335205078125,21.828357696533203,413.8677062988281
2021-09-20,139.539794921875,137.50025939941406,352.6036071777344,282.9794006347656,21.043933868408203,406.9667663574219
2021-09-21,140.01812744140625,137.8109893798828,354.36810302734375,283.4602966308594,21.176498413085938,406.58233642578125
2021-09-22,142.3805694580078,139.0504913330078,340.2222595214844,287.09478759765625,21.86922836303711,410.5484313964844
2021-09-23,143.33726501464844,139.97479248046875,342.9483642578125,288.037109375,22.408456802368164,415.53662109375
2021-09-24,143.42507934570312,140.9650421142578,349.8874206542969,287.83526611328125,22.00876808166504,416.2210693359375
2021-09-27,141.91200256347656,139.8320770263672,350.5020446777344,282.85443115234375,21.589143753051758,415.0303039550781
2021-09-28,138.53427124023438,134.63616943359375,337.6846008300781,272.6141052246094,20.63128662109375,406.66668701171875
2021-09-29,139.4324188232422,133.17262268066406,336.6536560058594,273.07574462890625,20.44988441467285,407.3512268066406
2021-09-30,138.13406372070312,132.50106811523438,336.4356384277344,271.07568359375,20.648231506347656,402.3724060058594
2021-10-01,139.25668334960938,135.34286499023438,340.0240173339844,277.9794921875,20.674144744873047,407.154296875
2021-10-04,135.83016967773438,132.4847412109375,323.39013671875,272.21990966796875,19.667451858520508,401.90362548828125
2021-10-05,137.75331115722656,134.82745361328125,330.0615539550781,277.65252685546875,20.384096145629883,406.0854187011719
2021-10-06,138.62216186523438,136.35592651367188,330.735595703125,281.83526611328125,20.632286071777344,407.77313232421875
2021-10-07,139.8814697265625,138.00131225585938,326.3540954589844,283.50836181640625,21.006057739257812,411.298583984375
2021-10-08,139.50074768066406,138.556884765625,327.1768798828125,283.50836181640625,20.762855529785156,410.5484313964844
2021-10-11,139.41287231445312,137.6930389404297,322.616943359375,282.9120178222656,20.627302169799805,407.57623291015625
2021-10-12,138.14382934570312,135.2497100830078,320.9515075683594,281.6140441894531,20.603376388549805,406.57293701171875
2021-10-13,137.55810546875,136.37274169921875,321.7148742675781,284.9121398925781,20.87050437927246,408.0356750488281
2021-10-14,140.34027099609375,139.91036987304688,325.6700744628906,291.1044006347656,21.674863815307617,414.8990478515625
2021-10-15,141.3946075439453,140.12548828125,321.9329528808594,292.50823974609375,21.790483474731445,418.0588073730469
2021-10-18,143.06394958496094,141.5230712890625,332.4208679199219,295.46978759765625,22.149307250976562,419.2965393066406
2021-10-19,145.22137451171875,141.97804260253906,337.0303649902344,296.3736572265625,22.217082977294922,422.5313720703125
2021-10-20,145.70944213867188,140.52294921875,337.8134765625,295.5851745605469,22.03069496154785,424.19091796875
2021-10-21,145.9241943359375,140.638916015625,338.9038391113281,298.8063659667969,22.617765426635742,425.2973327636719
2021-10-22,145.15301513671875,136.3573760986328,321.7842712402344,297.2678527832031,22.651657104492188,424.85662841796875
2021-10-25,145.1041717529297,136.2389373779297,325.8287353515625,296.2774963378906,23.090219497680664,427.13507080078125
2021-10-26,145.76806640625,138.0841064453125,313.0608215332031,298.1812438964844,24.636144638061523,427.5195007324219
2021-10-27,145.3092041015625,144.9323272705078,309.5021057128906,310.7389831542969,24.371013641357422,425.62548828125
2021-10-28,148.9407196044922,144.56710815429688,314.1612243652344,311.8736267089844,24.859411239624023,429.7323303222656
2021-10-29,146.2366180419922,146.7447967529297,320.7532653808594,318.8638610839844,25.483367919921875,430.6042785644531
2021-11-01,145.41659545898438,142.23574829101562,327.1075134277344,316.7004699707031,25.742511749267578,431.3450012207031
2021-11-02,146.45138549804688,144.1542510986328,325.2240295410156,320.31591796875,26.314632415771484,433.0890197753906
2021-11-03,147.88636779785156,145.3095245361328,328.73321533203125,321.15240478515625,26.510986328125,435.73309326171875
2021-11-04,147.36900329589844,146.96434020996094,332.9263916015625,323.4985046386719,29.703516006469727,437.7864685058594
2021-11-05,147.8969268798828,147.543701171875,338.1604309082031,323.1330871582031,29.65467071533203,439.3054504394531
2021-11-08,147.07566833496094,147.7211151123047,335.6722412109375,324.02734375,30.703231811523438,439.68048095703125
2021-11-09,147.4374542236328,147.609619140625,332.4505615234375,323.0273132324219,30.556713104248047,438.2271728515625
2021-11-10,144.61209106445312,144.61119079589844,324.7878723144531,318.075439453125,29.36263084411621,434.70172119140625
2021-11-11,144.5631866455078,144.4853057861328,324.886962890625,319.6427001953125,30.290586471557617,434.84234619140625
2021-11-12,146.6358184814453,147.37123107910156,337.92254638671875,323.7677001953125,30.290586471557617,438.1240234375
2021-11-15,146.6455841064453,147.14723205566406,344.5343933105469,323.1427001953125,29.926776885986328,438.2740478515625
2021-11-16,147.62318420410156,146.5762939453125,339.9744873046875,326.4504089355469,30.104196548461914,440.0086669921875
2021-11-17,150.0574951171875,146.74578857421875,337.8035583496094,326.6719970703125,29.165281295776367,438.9397888183594
2021-11-18,154.3395538330078,148.5215301513672,335.7415771484375,328.7430114746094,31.57138442993164,440.4305725097656
2021-11-19,156.95962524414062,147.61753845214844,342.29412841796875,330.5155029296875,32.877098083496094,439.6429748535156
2021-11-22,157.4191436767578,145.01611328125,338.0414733886719,327.3559265136719,31.85146713256836,438.40533447265625
2021-11-23,157.8004150390625,144.5006866455078,334.314208984375,325.2848815917969,31.642147064208984,438.9867248535156
2021-11-24,158.31854248046875,144.83570861816406,338.091064453125,325.5063781738281,32.5671272277832,440.15869140625
2021-11-26,153.30325317382812,140.9333038330078,330.22015380859375,317.5784912109375,31.399944305419922,430.34173583984375
2021-11-29,156.65660095214844,144.2513885498047,335.0874328613281,324.2733154296875,33.266822814941406,435.62060546875
2021-11-30,161.6034393310547,140.65032958984375,321.63555908203125,318.4550476074219,32.569114685058594,427.1444091796875
2021-12-01,161.08526611328125,139.811767578125,307.8962097167969,317.96380615234375,31.33600425720215,422.4001159667969
2021-12-02,160.09783935546875,141.70941162109375,307.6880187988281,317.3954772949219,32.02483367919922,428.86968994140625
2021-12-03,158.22076416015625,140.75341796875,304.1689147949219,311.1533203125,30.596338272094727,425.1379089355469
2021-12-06,161.62294006347656,141.8967742919922,315.1029052734375,314.2165832519531,29.942407608032227,430.1730041503906
2021-12-07,167.3518829345703,145.97511291503906,319.9998779296875,322.6261291503906,32.32487869262695,439.071044921875
2021-12-08,171.1647186279297,146.88406372070312,327.6824035644531,322.67431640625,31.72577476501465,440.2337341308594
2021-12-09,170.65631103515625,146.34088134765625,326.9488830566406,320.8729553222656,30.39398193359375,437.261474609375
2021-12-10,175.4369659423828,146.70065307617188,326.87945556640625,329.9664001464844,30.1028995513916,441.3775329589844
2021-12-13,171.80992126464844,144.54481506347656,331.57818603515625,326.941650390625,28.072317123413086,437.46771240234375
2021-12-14,170.4314727783203,142.6421661376953,330.834716796875,316.2876281738281,28.247760772705078,434.4578857421875
2021-12-15,175.2903289794922,145.15386962890625,338.685791015625,322.36602783203125,30.363080978393555,441.24627685546875
2021-12-16,168.4077606201172,143.17543029785156,331.98468017578125,312.9739074707031,28.29759979248047,437.3551940917969
2021-12-17,167.31280517578125,140.47933959960938,330.88433837890625,311.9142761230469,27.713449478149414,432.700439453125
2021-12-20,165.9539031982422,140.3623809814453,322.616943359375,308.1670837402344,27.6317081451416,428.09942626953125
2021-12-21,169.12142944335938,142.21145629882812,331.2907409667969,315.2762451171875,28.98343849182129,435.70196533203125
2021-12-22,171.71218872070312,145.12811279296875,327.57342529296875,320.9692687988281,29.307416915893555,440.0584411621094
2021-12-23,172.3378448486328,145.62522888183594,332.3216552734375,322.4045104980469,29.546655654907227,442.7965087890625
2021-12-27,176.2972869873047,146.6065216064453,343.16650390625,329.8797912597656,30.84754753112793,449.0630798339844
2021-12-28,175.2805633544922,145.39772033691406,343.2061767578125,328.7237854003906,30.226512908935547,448.6961364746094
2021-12-29,175.36856079101562,145.3660125732422,339.9546813964844,329.3980712890625,29.906522750854492,449.2700500488281
2021-12-30,174.2149200439453,144.91549682617188,341.36224365234375,326.8646240234375,29.492828369140625,448.02801513671875
2021-12-31,173.59902954101562,143.57887268066406,333.4220275878906,323.9747619628906,29.318376541137695,446.89892578125
2022-01-03,177.93972778320312,143.71713256835938,335.5929870605469,322.46240234375,30.026142120361328,449.4864807128906
2022-01-04,175.68138122558594,143.13035583496094,333.6004638671875,316.9329833984375,29.19776153564453,449.3359069824219
2022-01-05,171.0082550048828,136.56407165527344,321.3480529785156,304.7666931152344,27.517065048217773,440.7076721191406
2022-01-06,168.153564453125,136.53680419921875,329.5658874511719,302.3583984375,28.089262008666992,440.2937316894531
2022-01-07,168.3197784423828,135.81272888183594,328.9017333984375,302.5125427246094,27.161197662353516,438.5529479980469
2022-01-10,168.33932495117188,137.45069885253906,325.2141418457031,302.7341613769531,27.313711166381836,438.0072937011719
2022-01-11,171.1647186279297,138.5078125,331.4592590332031,303.4181213378906,27.729398727416992,441.9967346191406
2022-01-12,171.60462951660156,140.1874237060547,330.3589782714844,306.5872497558594,27.91082763671875,443.19171142578125
2022-01-13,168.33932495117188,137.3689422607422,323.63800048828125,293.6116638183594,26.491310119628906,437.08514404296875
2022-01-14,169.1996307373047,138.25457763671875,329.0107727050781,298.8135070800781,26.857154846191406,437.263916015625
2022-01-18,166.00274658203125,134.8026885986328,315.3804931640625,291.5406494140625,25.821430206298828,429.5201416015625
2022-01-19,162.51260375976562,133.92892456054688,316.8078918457031,292.19561767578125,24.988059997558594,425.0601806640625
2022-01-20,160.83108520507812,132.1358184814453,313.8043212890625,290.52923583984375,24.073951721191406,420.35552978515625
2022-01-21,158.7780303955078,129.205810546875,300.5309143066406,285.16363525390625,23.300390243530273,412.103759765625
2022-01-24,158.00572204589844,129.65435791015625,306.0226745605469,285.4910888671875,23.29840087890625,413.85382080078125
2022-01-25,156.20687866210938,125.8193359375,297.53717041015625,277.900390625,22.253694534301758,408.8010559082031
2022-01-26,156.1188507080078,128.0971221923828,292.0652160644531,285.8187561035156,22.700284957885742,407.7754821777344
2022-01-27,155.65939331054688,127.87113952636719,292.0752258300781,288.8337707519531,21.87489128112793,405.761962890625
2022-01-28,166.52088928222656,132.17893981933594,299.0836181640625,296.9447326660156,22.7680721282959,415.839111328125
2022-01-31,170.8713836669922,134.11428833007812,310.5330505371094,299.5648498535156,24.40888786315918,423.32891845703125
2022-02-01,170.70523071289062,136.4342041015625,316.2230529785156,297.4263610839844,24.560415267944336,426.1893310546875
2022-02-02,171.90769958496094,146.69921875,320.1882629394531,301.9538269042969,25.16250991821289,430.329345703125
2022-02-03,169.033447265625,141.83233642578125,235.69027709960938,290.19207763671875,23.872583389282227,420.2144470214844
2022-02-04,168.7495880126953,142.03355407714844,235.02609252929688,294.7098693847656,24.242406845092773,422.1903991699219
2022-02-07,168.0350341796875,137.9775390625,222.95213317871094,289.90301513671875,24.65012550354004,420.83544921875
2022-02-08,171.13804626464844,138.1737823486328,218.26333618164062,293.38055419921875,25.028932571411133,424.29803466796875
2022-02-09,172.5574188232422,140.34747314453125,229.98040771484375,299.78643798828125,26.620901107788086,430.5081787109375
2022-02-10,168.48529052734375,137.40162658691406,226.0846405029297,291.28070068359375,25.742673873901367,422.7737731933594
2022-02-11,165.07879638671875,133.1022491455078,217.6387939453125,284.2099914550781,23.873579025268555,414.437255859375
2022-02-14,165.31369018554688,134.33485412597656,215.80490112304688,284.17144775390625,24.19057846069336,413.082275390625
2022-02-15,169.14111328125,135.4077911376953,219.076171875,289.44073486328125,26.411561965942383,419.7439880371094
2022-02-16,168.90618896484375,136.52737426757812,214.6549835205078,289.10284423828125,26.427513122558594,420.2144470214844
2022-02-17,165.31369018554688,131.3740692138672,205.90185546875,280.6373291015625,24.429824829101562,411.238037109375
2022-02-18,163.76707458496094,129.25686645507812,204.36537170410156,277.9344787597656,23.56754493713379,408.57525634765625
2022-02-22,160.8499755859375,128.67254638671875,200.3208465576172,277.7317810058594,23.31633949279785,404.190673828125
2022-02-23,156.68975830078125,126.46659088134766,196.72247314453125,270.54046630859375,22.316495895385742,397.0207824707031
2022-02-24,159.3033905029297,131.5247039794922,205.79283142089844,284.3633117675781,23.67321014404297,402.9955749511719
2022-02-25,161.36880493164062,133.27769470214844,208.6477508544922,286.9888000488281,24.080923080444336,411.8873291015625
2022-02-28,161.6331024169922,133.86996459960938,209.19296264648438,288.4175720214844,24.308202743530273,410.83349609375
2022-03-01,159.753662109375,132.88319396972656,201.71859741210938,284.7108459472656,23.40306282043457,404.5764465332031
2022-03-02,163.04269409179688,133.38870239257812,206.29837036132812,289.7688903808594,24.14784049987793,412.01910400390625
2022-03-03,162.7196807861328,132.72264099121094,201.203125,285.6470947265625,23.643346786499023,409.9677734375
2022-03-04,159.72427368164062,130.74713134765625,198.31845092773438,279.79742431640625,22.867666244506836,406.6370849609375
2022-03-07,155.9359893798828,125.2677230834961,185.83802795410156,269.2276611328125,21.28838539123535,394.6496887207031
2022-03-08,154.11529541015625,125.9873275756836,188.6334991455078,266.2738342285156,21.44990348815918,391.65765380859375
2022-03-09,159.50894165039062,132.24732971191406,196.77203369140625,278.48468017578125,22.945432662963867,402.158203125
2022-03-10,155.17247009277344,131.26553344726562,193.5106658935547,275.67572021484375,22.59049415588379,400.3422546386719
2022-03-11,151.4624786376953,128.72901916503906,185.97683715820312,270.34735107421875,22.034156799316406,395.2518310546875
2022-03-14,147.4392852783203,124.84398651123047,185.00535583496094,266.8433837890625,21.266448974609375,392.3633117675781
2022-03-15,151.8148956298828,128.06243896484375,190.35833740234375,277.1815490722656,22.904552459716797,400.9914855957031
2022-03-16,156.21986389160156,132.1090545654297,201.85739135742188,284.17022705078125,24.423017501831055,409.8831787109375
2022-03-17,157.2281494140625,132.66262817382812,206.0307159423828,284.971435546875,24.69221305847168,415.01116943359375
2022-03-18,160.51715087890625,134.92904663085938,214.6054229736328,290.0005187988281,26.374187469482422,419.55670166015625
2022-03-21,161.88760375976562,134.90524291992188,209.6489715576172,288.7746276855469,26.654346466064453,419.43402099609375
2022-03-22,165.25497436523438,138.63865661621094,214.76406860351562,293.5045166015625,26.44497299194336,424.3420104980469
2022-03-23,166.61563110351562,137.0601348876953,211.60179138183594,289.0931396484375,25.557626724243164,418.8772277832031
2022-03-24,170.39413452148438,140.32769775390625,217.65863037109375,293.543212890625,28.066129684448242,425.1914978027344
2022-03-25,171.03036499023438,140.42779541015625,219.8890380859375,293.1377258300781,27.609495162963867,427.2679138183594
2022-03-28,171.8917999267578,140.2122039794922,221.6436309814453,299.9140625,28.13492774963379,430.3070983886719
2022-03-29,175.18084716796875,141.25296020507812,227.8590545654297,304.4605407714844,28.57062530517578,435.6304016113281
2022-03-30,174.0159454345703,140.69093322753906,225.86654663085938,302.9643249511719,27.607500076293945,432.9404296875
2022-03-31,170.92271423339844,137.84521484375,220.42433166503906,297.6070251464844,27.204702377319336,426.2768859863281
2022-04-01,170.62904357910156,138.91868591308594,222.89268493652344,298.678466796875,26.632415771484375,427.48504638671875
2022-04-04,174.67184448242188,141.7148895263672,231.85397338867188,304.0357666015625,27.278486251831055,431.1470947265625
2022-04-05,171.36317443847656,139.35531616210938,229.82179260253906,300.0877685546875,25.85374641418457,425.70111083984375
2022-04-06,168.201416015625,135.3478546142578,221.35614013671875,289.10284423828125,24.334278106689453,421.4443359375
2022-04-07,168.50485229492188,134.69410705566406,221.0092010498047,290.9079284667969,24.135875701904297,423.5680236816406
2022-04-08,166.49815368652344,132.11599731445312,220.39459228515625,286.6606750488281,23.05012321472168,422.4354248046875
2022-04-11,162.24981689453125,127.69122314453125,214.57568359375,275.3572082519531,21.851699829101562,415.215087890625
2022-04-12,164.1194610595703,126.59198760986328,212.27584838867188,272.2682189941406,21.4399356842041,413.67657470703125
2022-04-13,166.80157470703125,128.7523193359375,213.1184844970703,277.6352233886719,22.1368465423584,418.4146728515625
2022-04-14,161.79949951171875,125.61614990234375,208.35037231445312,270.11572265625,21.194664001464844,413.2046203613281
2022-04-18,161.5841522216797,126.55431365966797,208.93521118164062,270.7817077636719,21.718103408813477,413.3745422363281
2022-04-19,163.8649139404297,128.8663330078125,215.41827392578125,275.3958435058594,22.13186264038086,420.0475769042969
2022-04-20,163.6985626220703,126.91461944580078,198.67530822753906,276.4189758300781,21.417997360229492,419.7359619140625
2022-04-21,162.9056396484375,123.71746063232422,186.43284606933594,271.0616760253906,20.122865676879883,413.4595031738281
2022-04-22,158.37342834472656,118.58397674560547,182.50729370117188,264.51702880859375,19.45685577392578,402.1144714355469
2022-04-25,159.44041442871094,121.99225616455078,185.36221313476562,270.9747619628906,19.84270668029785,404.4458312988281
2022-04-26,153.48883056640625,117.60714721679688,179.3748321533203,260.8393249511719,18.732019424438477,392.73272705078125
2022-04-27,153.26368713378906,113.28992462158203,173.42703247070312,273.3880310058594,18.360136032104492,393.8370361328125
2022-04-28,160.18438720703125,117.48076629638672,203.93910217285156,279.5754699707031,19.723060607910156,403.7851257324219
2022-04-29,154.32081604003906,113.10655212402344,198.7248992919922,267.8858947753906,18.491743087768555,388.8629455566406
2022-05-02,154.62429809570312,115.55831909179688,209.2920684814453,274.5946044921875,19.47480010986328,391.2037353515625
2022-05-03,156.11219787597656,116.3027114868164,210.18426513671875,271.9979553222656,19.543596267700195,392.9969787597656
2022-05-04,162.51409912109375,121.18641662597656,221.46519470214844,279.9132995605469,20.273414611816406,404.96490478515625
2022-05-05,153.45941162109375,115.48151397705078,206.46690368652344,267.7218017578125,18.787857055664062,390.57135009765625
2022-05-06,154.18487548828125,114.72917938232422,201.99615478515625,265.1927185058594,18.61936378479004,388.2399597167969
2022-05-09,149.0675811767578,111.52210998535156,194.50196838378906,255.39512634277344,16.899499893188477,375.8096923828125
2022-05-10,151.4694061279297,113.3895492553711,195.929443359375,260.144287109375,17.54258155822754,376.6780090332031
2022-05-11,143.6169891357422,112.60400390625,187.09703063964844,251.50497436523438,16.580453872680664,370.694091796875
2022-05-12,139.75454711914062,111.85218048095703,189.5752410888672,246.48553466796875,16.126808166503906,370.30706787109375
2022-05-13,144.21499633789062,115.0304946899414,196.89097595214844,252.0552520751953,17.653247833251953,379.1602783203125
2022-05-16,142.67587280273438,113.4391098022461,198.2986297607422,252.42201232910156,17.21256446838379,377.6217956542969
2022-05-17,146.30307006835938,115.44928741455078,200.85618591308594,257.557373046875,18.122844696044922,385.3896484375
2022-05-18,138.0487823486328,110.91597747802734,190.56654357910156,245.83082580566406,16.887535095214844,369.85394287109375
2022-05-19,134.64710998535156,109.41381072998047,189.62481689453125,244.92135620117188,17.072980880737305,367.5887145996094
2022-05-20,134.88233947753906,107.95079040527344,191.85519409179688,244.3601837158203,16.644262313842773,367.74920654296875
2022-05-23,140.29371643066406,110.50808715820312,194.5217742919922,252.18746948242188,16.84765625,374.62982177734375
2022-05-24,137.5978546142578,105.0385971069336,179.70193481445312,251.1909942626953,16.105871200561523,371.76995849609375
2022-05-25,137.7546844482422,104.87504577636719,182.229736328125,253.99676513671875,16.924427032470703,375.0545959472656
2022-05-26,140.95054626464844,106.8450927734375,189.96182250976562,257.26702880859375,17.797815322875977,382.5486755371094
2022-05-27,146.69522094726562,111.32931518554688,193.43141174316406,264.3687438964844,18.754955291748047,391.9398498535156
2022-05-31,145.9109649658203,112.76211547851562,191.95433044433594,263.04327392578125,18.616371154785156,389.74072265625
2022-06-01,145.7835235595703,112.8909912109375,186.99786376953125,263.575439453125,18.26541519165039,386.5882873535156
2022-06-02,148.2343292236328,116.58868408203125,197.12890625,265.665283203125,19.533628463745117,393.9502868652344
2022-06-03,142.51905822753906,113.53425598144531,189.11923217773438,261.2533264160156,18.664230346679688,387.4848937988281
2022-06-06,143.26409912109375,115.7937240600586,192.55905151367188,260.0245361328125,18.730030059814453,388.6647644042969
2022-06-07,145.7835235595703,116.11984252929688,193.94683837890625,263.6528015136719,18.869609832763672,392.3929748535156
2022-06-08,145.04830932617188,116.1639404296875,194.92823791503906,261.63067626953125,18.59637451171875,388.1267395019531
2022-06-09,139.83297729492188,113.826171875,182.3982696533203,256.193115234375,17.99803352355957,378.8960266113281
2022-06-10,134.43141174316406,110.1844711303711,174.0416717529297,244.7762451171875,16.9270076751709,367.90966796875
2022-06-13,129.2847137451172,105.45738983154297,162.83009338378906,234.39456176757812,15.603679656982422,353.9408264160156
2022-06-14,130.14736938476562,105.77755737304688,162.30470275878906,236.55221557617188,15.792159080505371,352.874267578125
2022-06-15,132.76487731933594,108.79975128173828,167.87579345703125,243.58615112304688,16.481246948242188,357.9049072265625
2022-06-16,127.50053405761719,105.1015396118164,159.46958923339844,237.01658630371094,15.557807922363281,346.0596923828125
2022-06-17,128.97100830078125,106.20178985595703,162.3146514892578,239.609619140625,15.836036682128906,346.8057556152344
2022-06-21,133.19619750976562,110.56360626220703,155.682861328125,245.50189208984375,16.52013397216797,355.5360107421875
2022-06-22,132.6864471435547,110.50760650634766,154.4933319091797,244.91171264648438,16.314708709716797,354.8914794921875
2022-06-23,135.54898071289062,111.2554702758789,157.36807250976562,250.45562744140625,16.180084228515625,358.37030029296875
2022-06-24,138.87225341796875,116.93807220458984,168.67874145507812,259.00860595703125,17.078584671020508,369.76434326171875
2022-06-27,138.87225341796875,114.8154067993164,168.0145721435547,256.2899169921875,16.822294235229492,368.35198974609375
2022-06-28,134.7353057861328,111.02304077148438,159.28123474121094,248.15292358398438,15.937752723693848,360.8254699707031
2022-06-29,136.4900665283203,110.71971893310547,162.5128936767578,251.8101806640625,15.498970031738281,360.5315856933594
2022-06-30,134.02947998046875,108.00528717041016,159.84628295898438,248.4915313720703,15.117033004760742,357.6025695800781
2022-07-01,136.19595336914062,107.78177642822266,158.63693237304688,251.15223693847656,14.482792854309082,361.38470458984375
2022-07-05,138.7742156982422,112.26749420166016,166.72586059570312,254.3160858154297,14.922571182250977,362.0672302246094
2022-07-06,140.1074676513672,113.56500244140625,168.29217529296875,257.56695556640625,15.088109016418457,363.2900390625
2022-07-07,143.46995544433594,117.73897552490234,170.69107055664062,259.6859130859375,15.814096450805664,368.7310791015625
2022-07-08,144.14637756347656,118.30445098876953,169.39248657226562,258.9699401855469,15.794150352478027,368.4278259277344
2022-07-11,142.01907348632812,114.6597900390625,161.46214294433594,255.9221954345703,15.1100492477417,364.21905517578125
2022-07-12,142.9895782470703,113.01834106445312,161.84869384765625,245.4341278076172,15.040245056152344,360.9960632324219
2022-07-13,142.62686157226562,110.37478637695312,162.0668182373047,244.51495361328125,15.122016906738281,359.1002502441406
2022-07-14,145.5482177734375,109.39745330810547,156.67416381835938,245.83082580566406,15.329440116882324,358.2281799316406
2022-07-15,147.2147979736328,110.79505157470703,163.26626586914062,248.38511657714844,15.718363761901855,365.07220458984375
2022-07-18,144.17581176757812,108.07169342041016,165.77423095703125,245.99530029296875,16.056421279907227,362.0577697753906
2022-07-19,148.0284881591797,112.8096923828125,174.2498321533203,251.10386657714844,16.94495391845703,371.8403015136719
2022-07-20,150.02830505371094,112.8989028930664,181.49618530273438,253.75494384765625,17.75769805908203,374.210205078125
2022-07-21,152.29287719726562,113.33502960205078,181.5754852294922,256.241455078125,18.00002670288086,378.020751953125
2022-07-22,151.0576629638672,106.9516372680664,167.79649353027344,251.90689086914062,17.27104949951172,374.5133972167969
2022-07-25,149.94007873535156,106.5650634765625,165.1992950439453,250.42662048339844,16.976869583129883,374.9684143066406
2022-07-26,148.61666870117188,104.0969467163086,157.76458740234375,243.72161865234375,16.487228393554688,370.5321960449219
2022-07-27,153.7045135498047,112.0662841796875,168.10379028320312,260.014892578125,17.740745544433594,380.1535339355469
2022-07-28,154.25347900390625,113.21609497070312,159.32090759277344,267.4357604980469,17.934207916259766,384.9216003417969
2022-07-29,159.3119354248047,115.2976303100586,157.71502685546875,271.6252746582031,18.112716674804688,390.53326416015625
2022-08-01,158.3316192626953,113.85047149658203,158.53778076171875,268.98394775390625,18.389944076538086,389.3767395019531
2022-08-02,156.8611297607422,114.11808776855469,158.79554748535156,265.8974914550781,18.474708557128906,386.8079528808594
2022-08-03,162.86073303222656,117.04216766357422,167.33056640625,273.2990417480469,18.840696334838867,392.86517333984375
2022-08-04,162.54698181152344,117.15119934082031,169.08517456054688,274.4408264160156,19.161802291870117,392.5997314453125
2022-08-05,162.32119750976562,116.43753051757812,165.65530395507812,273.72479248046875,18.93642807006836,391.9362487792969
2022-08-08,161.84999084472656,116.2690200805664,168.76795959472656,271.2189025878906,17.743738174438477,391.4812316894531
2022-08-09,161.89907836914062,115.60489654541016,167.06292724609375,273.1346130371094,17.0386962890625,389.9266052246094
2022-08-10,166.1399688720703,118.64791107177734,176.78750610351562,279.77197265625,18.046892166137695,398.1166076660156
2022-08-11,165.40370178222656,117.79547119140625,175.9449462890625,277.70135498046875,17.89232635498047,398.1166076660156
2022-08-12,168.9475860595703,120.61051940917969,178.92872619628906,282.4326171875,18.65719985961914,404.8563537597656
2022-08-15,170.0176239013672,121.00700378417969,179.31533813476562,283.9419250488281,18.979312896728516,406.5246276855469
2022-08-16,169.86053466796875,120.6303482055664,177.90768432617188,283.20660400390625,18.82672882080078,407.3209533691406
2022-08-17,171.3527069091797,118.4992446899414,173.3279266357422,282.4600524902344,18.28423500061035,404.4297790527344
2022-08-18,170.96002197265625,119.11380004882812,173.13954162597656,281.34503173828125,18.721027374267578,405.6051940917969
2022-08-19,168.37818908691406,116.17980194091797,166.49789428710938,277.4472961425781,17.799583435058594,400.1546936035156
2022-08-22,164.50057983398438,113.23590850830078,161.63064575195312,269.3027648925781,16.98684310913086,391.8224792480469
2022-08-23,164.1667938232422,112.8592529296875,159.70748901367188,268.0326232910156,17.13343048095703,390.8745422363281
2022-08-24,164.46128845214844,112.69075012207031,161.8388214111328,267.40234375,17.1743221282959,392.1257629394531
2022-08-25,166.91549682617188,115.62474822998047,167.3107452392578,270.3692626953125,17.863405227661133,397.6617126464844
2022-08-26,160.62289428710938,109.37019348144531,160.37168884277344,259.9365539550781,16.214984893798828,384.201171875
2022-08-29,158.42393493652344,108.4582748413086,157.78439331054688,257.16351318359375,15.757251739501953,381.6607360839844
2022-08-30,155.99917602539062,107.98249816894531,155.7919158935547,254.97225952148438,15.425175666809082,377.470947265625
2022-08-31,154.34011840820312,107.26883697509766,161.5116424560547,253.5178680419922,15.052210807800293,374.5987854003906
2022-09-01,155.06658935546875,108.77547454833984,163.9205322265625,252.48037719726562,13.89841365814209,375.774169921875
2022-09-02,152.95596313476562,106.90206146240234,158.92440795898438,248.27239990234375,13.609216690063477,371.8118591308594
2022-09-06,151.69943237304688,105.8712158203125,157.1598663330078,245.54786682128906,13.427721977233887,370.40899658203125
2022-09-07,153.10321044921875,108.48800659179688,158.9937744140625,250.2406463623047,13.680095672607422,377.0633239746094
2022-09-08,151.6306915283203,107.42741394042969,160.6492462158203,250.65757751464844,13.955411911010742,379.5279846191406
2022-09-09,154.48736572265625,109.6774673461914,167.6775360107422,256.4169921875,14.351433753967285,385.4239807128906
2022-09-12,160.43637084960938,109.88562774658203,167.48919677734375,258.5403137207031,14.46914005279541,389.56640625
2022-09-13,151.0220489501953,103.40310668945312,151.79701232910156,244.32618713378906,13.09853458404541,372.6270751953125
2022-09-14,152.4651336669922,104.0771255493164,150.15142822265625,244.54920959472656,13.09554672241211,374.0489196777344
2022-09-15,149.57896423339844,102.0054931640625,148.24815368652344,237.91725158691406,12.8970365524292,369.80224609375
2022-09-16,147.9395751953125,101.8964614868164,145.0165252685547,237.2967071533203,13.16537094116211,366.9811096191406
2022-09-19,151.65028381347656,102.16410064697266,146.73146057128906,237.08338928222656,13.348916053771973,369.8270263671875
2022-09-20,154.0260467529297,100.25103759765625,144.81825256347656,235.0763397216797,13.143424987792969,365.5819091796875
2022-09-21,150.90426635742188,98.40739440917969,140.88282775878906,231.6827850341797,13.228214263916016,359.2048034667969
2022-09-22,149.9422149658203,99.25984191894531,141.5767364501953,233.65101623535156,12.529946327209473,356.1875305175781
2022-09-23,147.6745147705078,97.87215423583984,139.18771362304688,230.68409729003906,12.485058784484863,350.21966552734375
2022-09-26,148.00830078125,97.30715942382812,135.18287658691406,230.22840881347656,12.197769165039062,346.7550964355469
2022-09-27,148.9801483154297,96.64302825927734,133.2300262451172,229.22006225585938,12.382312774658203,345.8698425292969
2022-09-28,147.0953369140625,99.1706314086914,140.3772735595703,233.7383270263672,12.704511642456055,352.67535400390625
2022-09-29,139.87013244628906,96.56373596191406,135.2225341796875,230.27688598632812,12.189789772033691,345.3083190917969
2022-09-30,135.66854858398438,94.80931091308594,134.49888610839844,225.81675720214844,12.108989715576172,339.9686279296875
2022-10-03,139.84071350097656,97.77301788330078,137.40335083007812,233.41835021972656,12.481067657470703,348.94427490234375
2022-10-04,143.423828125,100.74665069580078,139.05885314941406,241.3107452392578,13.13444995880127,359.7568359375
2022-10-05,143.71832275390625,100.53850555419922,137.7701416015625,241.6210174560547,13.176344871520996,358.919189453125
2022-10-06,142.76608276367188,100.52857971191406,137.859375,239.28433227539062,13.097539901733398,355.2167053222656
2022-10-07,137.52391052246094,97.81266784667969,132.28829956054688,227.11602783203125,12.046144485473633,345.3083190917969
2022-10-10,137.84788513183594,96.99987030029297,132.6253204345703,222.2777557373047,11.641149520874023,342.6717529296875
2022-10-11,136.43423461914062,96.32585144042969,127.4210205078125,218.55459594726562,11.557355880737305,340.5016174316406
2022-10-12,135.8059844970703,96.70250701904297,126.39009857177734,218.88421630859375,11.471570014953613,339.3785400390625
2022-10-13,140.37081909179688,98.18933868408203,129.15577697753906,227.11602783203125,11.930431365966797,348.3350830078125
2022-10-14,135.84523010253906,95.7113037109375,125.65654754638672,221.60877990722656,11.199244499206543,340.39697265625
2022-10-17,139.80140686035156,99.0913314819336,132.8731689453125,230.3059539794922,11.858609199523926,349.1441955566406
2022-10-18,141.11683654785156,99.8843002319336,131.6439971923828,231.24644470214844,11.937414169311523,353.2464294433594
2022-10-19,141.22483825683594,98.75431060791016,132.07022094726562,229.28790283203125,12.02120590209961,350.74310302734375
2022-10-20,140.76344299316406,99.0913314819336,130.38499450683594,228.9679412841797,12.163853645324707,347.8019714355469
2022-10-21,144.57240295410156,100.24113464355469,128.8782501220703,234.75634765625,12.435182571411133,356.254150390625
2022-10-24,146.71246337890625,101.6189193725586,128.5907440185547,239.73036193847656,12.567852020263672,360.61346435546875
2022-10-25,149.54953002929688,103.56169891357422,136.31295776367188,243.03662109375,13.228214263916016,366.3719787597656
2022-10-26,146.6143035888672,94.09563446044922,128.68992614746094,224.2848358154297,12.864117622375488,363.6116943359375
2022-10-27,142.14764404296875,91.4094467163086,97.08740997314453,219.8538055419922,13.143424987792969,361.66998291015625
2022-10-28,152.8872528076172,95.44367980957031,98.33644104003906,228.69644165039062,13.799799919128418,370.2743225097656
2022-10-31,150.5312042236328,93.67932891845703,92.34903717041016,225.07020568847656,13.463631629943848,367.5997619628906
2022-11-01,147.89047241210938,89.6748275756836,94.37127685546875,221.23062133789062,13.50951862335205,365.99114990234375
2022-11-02,142.37342834472656,86.2055892944336,89.7518310546875,213.4060821533203,13.186319351196289,356.80621337890625
2022-11-03,136.3361053466797,82.69672393798828,88.13603973388672,207.73397827148438,13.387819290161133,353.1322021484375
2022-11-04,136.07057189941406,85.81902313232422,89.9996566772461,214.6568145751953,14.121004104614258,358.21490478515625
2022-11-07,136.6015625,87.71224212646484,95.87803649902344,220.93978881835938,14.265645980834961,361.64141845703125
2022-11-08,137.17189025878906,88.1186294555664,95.6302261352539,221.90933227539062,14.565900802612305,363.5926208496094
2022-11-09,132.61915588378906,86.55252075195312,100.58668518066406,217.68194580078125,13.741941452026367,356.1018981933594
2022-11-10,144.41885375976562,93.11434936523438,110.89616394042969,235.5902099609375,15.711061477661133,375.671142578125
2022-11-11,147.20166015625,95.5626220703125,112.03614807128906,239.59461975097656,16.28663444519043,379.3070983886719
2022-11-14,145.8053741455078,94.85887145996094,113.22570037841797,234.20372009277344,16.254714965820312,376.0804748535156
2022-11-15,147.53598022460938,97.57477569580078,116.06080627441406,234.6109161376953,16.624797821044922,379.2879943847656
2022-11-16,146.3068389892578,97.9811782836914,112.24431610107422,235.0387420654297,15.87066650390625,376.3945617675781
2022-11-17,148.2046661376953,97.49547576904297,110.47981262207031,234.9901123046875,15.638240814208984,375.2428894042969
2022-11-18,148.76512145996094,96.57366943359375,111.07459259033203,234.54287719726562,15.370904922485352,376.946533203125
2022-11-21,145.53985595703125,94.7597427368164,108.90365600585938,235.34986877441406,15.279131889343262,375.57598876953125
2022-11-22,147.6736297607422,96.19700622558594,110.46989440917969,238.24737548828125,15.998351097106934,380.63006591796875
2022-11-23,148.548828125,97.59459686279297,111.26293182373047,240.72679138183594,16.478158950805664,383.0286865234375
2022-11-25,145.63819885253906,96.6033935546875,110.44017028808594,240.63931274414062,16.22977638244629,382.9429626464844
2022-11-28,141.8131561279297,95.20580291748047,107.83306121826172,235.0679168701172,15.787871360778809,376.8323669433594
2022-11-29,138.81399536132812,94.35335540771484,108.50713348388672,233.67747497558594,15.600337028503418,376.1851806640625
2022-11-30,145.55953979492188,100.10236358642578,117.07192993164062,248.07757568359375,16.885482788085938,388.0351867675781
2022-12-01,145.83486938476562,100.10236358642578,119.39156341552734,247.64002990722656,17.09701156616211,387.7496643066406
2022-12-02,145.3432159423828,99.55720520019531,122.41500091552734,247.96087646484375,16.838586807250977,387.30230712890625
2022-12-05,144.1829071044922,98.60565185546875,121.3642349243164,243.2742919921875,16.57317543029785,380.33502197265625
2022-12-06,140.5249786376953,96.12761688232422,113.12657928466797,238.33489990234375,15.951557159423828,374.85260009765625
2022-12-07,138.58787536621094,94.10554504394531,112.938232421875,237.6056671142578,16.08426284790039,374.2148132324219
2022-12-08,140.26930236816406,92.8863525390625,114.32604217529297,240.5518035888672,17.130937576293945,377.1464538574219
2022-12-09,139.7874755859375,92.01409149169922,114.89107513427734,238.62661743164062,16.963306427001953,374.3291015625
2022-12-12,142.07859802246094,92.48986053466797,113.71143341064453,245.52032470703125,17.496122360229492,379.7259216308594
2022-12-13,143.0422821044922,94.78947448730469,119.10408782958984,249.8082733154297,18.031932830810547,382.6003112792969
2022-12-14,140.81997680664062,94.23440551757812,120.53153228759766,250.09999084472656,17.63481903076172,380.1542053222656
2022-12-15,134.22195434570312,90.06140899658203,115.13890838623047,242.11721801757812,16.914413452148438,370.85498046875
2022-12-16,132.26513671875,89.4666748046875,118.39034271240234,237.91685485839844,16.534263610839844,366.4765930175781
2022-12-19,130.16087341308594,87.66268157958984,113.48343658447266,233.79415893554688,16.21796226501465,363.3690490722656
2022-12-20,130.09207153320312,88.23756408691406,116.07070922851562,235.10678100585938,16.04934310913086,363.86627197265625
2022-12-21,133.1894989013672,88.79266357421875,118.71747589111328,237.66400146484375,16.464414596557617,369.3068542480469
2022-12-22,130.0232391357422,86.98865509033203,116.10045623779297,231.59674072265625,15.304994583129883,364.0382995605469
2022-12-23,129.65939331054688,88.44573974609375,117.01245880126953,232.12179565429688,15.172286987304688,366.13238525390625
2022-12-27,127.85995483398438,86.62191009521484,115.862548828125,230.40078735351562,14.08969497680664,364.6885681152344
2022-12-28,123.93653106689453,85.2639389038086,114.613525390625,228.0380401611328,14.004881858825684,360.15618896484375
2022-12-29,127.44694519042969,87.67259216308594,119.21311950683594,234.3386688232422,14.570623397827148,366.63909912109375
2022-12-30,127.7615966796875,87.45453643798828,119.29243469238281,233.1815948486328,14.581599235534668,365.67340087890625
2023-01-03,122.98271942138672,88.3366928100586,123.65411376953125,232.9482879638672,14.2832612991333,364.1340026855469
2023-01-04,124.25118255615234,87.30584716796875,126.26122283935547,222.75836181640625,14.716300010681152,366.9451599121094
2023-01-05,122.93354034423828,85.4423599243164,125.83497619628906,216.1562957763672,14.233373641967773,362.757080078125
2023-01-06,127.45677185058594,86.57233428955078,128.88816833496094,218.70376586914062,14.826056480407715,371.0758056640625
2023-01-09,127.97792053222656,87.2463607788086,128.3429412841797,220.83314514160156,15.593353271484375,370.865478515625
2023-01-10,128.54824829101562,87.6428451538086,131.83230590820312,222.51527404785156,15.873730659484863,373.46630859375
2023-01-11,131.26220703125,90.7155990600586,131.733154296875,229.2436981201172,15.965523719787598,378.1898498535156
2023-01-12,131.18353271484375,90.32904052734375,135.5199432373047,231.90786743164062,16.474393844604492,379.56671142578125
2023-01-13,132.51101684570312,91.31033325195312,135.78759765625,232.60794067382812,16.861539840698242,381.03924560546875
2023-01-17,133.67129516601562,90.48763275146484,134.18167114257812,233.69696044921875,17.662757873535156,380.34130859375
2023-01-18,132.95346069335938,90.3191146850586,131.86203002929688,229.28262329101562,17.338476181030273,374.3364562988281
2023-01-19,133.01248168945312,92.23216247558594,134.96478271484375,225.510009765625,16.727828979492188,371.6112976074219
2023-01-20,135.56910705566406,97.15846252441406,138.1567840576172,233.570556640625,17.799449920654297,378.5341491699219
2023-01-23,138.75503540039062,98.91291809082031,142.0228271484375,235.865234375,19.150447845458984,383.07598876953125
2023-01-24,140.15135192871094,96.8412857055664,141.8939208984375,235.34014892578125,19.222288131713867,382.66485595703125
2023-01-25,139.4924774169922,94.3830795288086,140.26821899414062,233.9497528076172,19.28015899658203,382.8082275390625
2023-01-26,141.55746459960938,96.6628646850586,146.0177459716797,241.13519287109375,19.758098602294922,387.0154113769531
2023-01-27,143.49461364746094,98.4966049194336,150.41905212402344,241.290771484375,20.31984519958496,387.9046325683594
2023-01-30,140.61351013183594,96.08795928955078,145.77981567382812,235.99163818359375,19.119518280029297,383.0377197265625
2023-01-31,141.88194274902344,97.97125244140625,147.6732177734375,240.950439453125,19.49368667602539,388.66961669921875
2023-02-01,143.0029296875,99.54730224609375,151.78704833984375,245.75369262695312,20.896568298339844,392.8003234863281
2023-02-02,148.302978515625,106.79302978515625,187.12672424316406,257.2757568359375,21.66086769104004,398.51837158203125
2023-02-03,151.9215545654297,103.85905456542969,184.90621948242188,251.19866943359375,21.05322265625,394.2824401855469
2023-02-06,149.1977996826172,101.99559020996094,184.44032287597656,249.6623992919922,21.04224967956543,391.87286376953125
2023-02-07,152.06907653808594,106.69392395019531,189.95191955566406,260.1536865234375,22.12384033203125,396.9980163574219
2023-02-08,149.3845977783203,98.4966049194336,181.833251953125,259.3467102050781,22.15576934814453,392.65692138671875
2023-02-09,148.3521270751953,94.17494201660156,176.37118530273438,256.32281494140625,22.287477493286133,389.2528991699219
2023-02-10,148.71652221679688,93.73880004882812,172.63400268554688,255.81723022460938,21.21785545349121,390.1612854003906
2023-02-13,151.5133819580078,93.7784423828125,177.86802673339844,263.8097229003906,21.73969268798828,394.7414245605469
2023-02-14,150.873291015625,93.84783172607422,177.91761779785156,264.6361083984375,22.92007064819336,394.5597229003906
2023-02-15,152.97088623046875,96.08795928955078,175.6177978515625,262.5209655761719,22.713531494140625,395.84100341796875
2023-02-16,151.37551879882812,94.67053985595703,170.9388885498047,255.5319366455078,21.95322036743164,390.3907775878906
2023-02-17,150.23313903808594,93.52073669433594,171.3750457763672,251.5452117919922,21.340579986572266,389.4154357910156
2023-02-21,146.22494506835938,90.98323822021484,170.58203125,246.29129028320312,20.609207153320312,381.6034240722656
2023-02-22,146.6483917236328,90.84447479248047,169.63035583496094,245.1605682373047,20.70798683166504,381.0775146484375
2023-02-23,147.1309814453125,90.09113311767578,170.54237365722656,248.33827209472656,23.611534118652344,383.10467529296875
2023-02-24,144.48179626464844,88.34659576416016,168.90673828125,242.92837524414062,23.234375,379.0121765136719
2023-02-27,145.6734619140625,89.08010864257812,168.0641326904297,243.84463500976562,23.448896408081055,380.3030700683594
2023-02-28,145.17117309570312,89.2684326171875,173.41712951660156,243.12330627441406,23.164525985717773,378.8973693847656
2023-03-01,143.1031036376953,89.56580352783203,171.91033935546875,240.05287170410156,22.647676467895508,377.44403076171875
2023-03-02,143.6939697265625,91.1913833618164,173.0106658935547,244.77061462402344,23.262311935424805,380.3794860839844
2023-03-03,148.7362060546875,92.82688903808594,183.6373748779297,248.84512329101562,23.837034225463867,386.47998046875
2023-03-06,151.49371337890625,94.29387664794922,183.29043579101562,250.38523864746094,23.501781463623047,386.74774169921875
2023-03-07,149.2975616455078,93.0350341796875,182.90380859375,247.73388671875,23.240314483642578,380.8193054199219
2023-03-08,150.54824829101562,93.42161560058594,183.3598175048828,247.29525756835938,24.131488800048828,381.44091796875
2023-03-09,148.3029022216797,91.50857543945312,180.1083526611328,245.95013427734375,23.388015747070312,374.40338134765625
2023-03-10,146.24464416503906,89.83341979980469,177.94732666015625,242.3142852783203,22.9179744720459,369.00091552734375
2023-03-13,148.1847381591797,90.30921173095703,179.32522583007812,247.5096893310547,22.918973922729492,368.47503662109375
2023-03-14,150.2725067138672,93.1440658569336,192.33102416992188,254.20626831054688,24.013729095458984,374.5659484863281
2023-03-15,150.6664581298828,95.26526641845703,196.02857971191406,258.7389221191406,24.17839241027832,372.2232971191406
2023-03-16,153.48304748535156,99.4382553100586,203.1460418701172,269.22723388671875,25.48870277404785,378.75396728515625
2023-03-17,152.6459197998047,100.72683715820312,193.90719604492188,272.375732421875,25.67232322692871,374.3253479003906
2023-03-20,155.0094757080078,100.33036041259766,196.0880126953125,265.35748291015625,25.846961975097656,377.9247131347656
2023-03-21,156.86094665527344,103.99781799316406,200.4001922607422,266.8683166503906,26.145357131958008,382.8870544433594
2023-03-22,155.43295288085938,102.4614486694336,198.0706329345703,265.41595458984375,26.41380500793457,376.3602294921875
2023-03-23,156.5162353515625,104.6718521118164,202.501708984375,270.650390625,27.13532257080078,377.3775939941406
2023-03-24,157.8162078857422,104.51327514648438,204.21664428710938,273.4869079589844,26.72416877746582,379.85400390625
2023-03-27,155.87611389160156,101.5594482421875,201.0742645263672,269.4027404785156,26.476675033569336,380.56427001953125
2023-03-28,155.2556610107422,100.14202117919922,198.9330291748047,268.28173828125,26.355926513671875,379.7099914550781
2023-03-29,158.3282928466797,100.49885559082031,203.56240844726562,273.4284362792969,26.928749084472656,385.22900390625
2023-03-30,159.89414978027344,100.00325775146484,206.0307159423828,276.8790283203125,27.32693099975586,387.4847106933594
2023-03-31,162.39559936523438,102.81829071044922,210.09506225585938,281.0217590332031,27.72012710571289,392.9461364746094
2023-04-03,163.64627075195312,103.44275665283203,211.2152099609375,279.9787292480469,27.90773582458496,394.4435119628906
2023-04-04,163.11451721191406,103.79959869384766,212.85086059570312,279.9300231933594,27.396787643432617,392.2549743652344
2023-04-05,161.27285766601562,103.5517807006836,209.63905334472656,277.1617126464844,26.825960159301758,391.2279968261719
2023-04-06,162.15921020507812,107.46707916259766,214.21884155273438,284.2384338378906,26.981639862060547,392.7541198730469
2023-04-10,159.56915283203125,105.50446319580078,212.8805694580078,282.08428955078125,27.522525787353516,393.1572265625
2023-04-11,158.3578338623047,104.4240493774414,211.98841857910156,275.6898498535156,27.113370895385742,393.2629089355469
2023-04-12,157.66847229003906,103.72028350830078,212.1370849609375,276.3331604003906,26.440752029418945,391.6598815917969
2023-04-13,163.0455322265625,106.48576354980469,218.43182373046875,282.5229187011719,26.4088134765625,396.86224365234375
2023-04-14,162.7008819580078,107.9131088256836,219.56192016601562,278.9162902832031,26.703208923339844,395.8927917480469
2023-04-17,162.72055053710938,105.0385971069336,216.9547882080078,281.5091552734375,26.94671058654785,397.3133239746094
2023-04-18,163.94171142578125,103.5815200805664,215.9932403564453,281.0899963378906,27.6103515625,397.5724792480469
2023-04-19,165.08412170410156,103.26433563232422,213.8223114013672,281.1679992675781,27.873807907104492,397.50531005859375
2023-04-20,164.11898803710938,104.36457061767578,211.2152099609375,278.8871154785156,27.04850196838379,395.33612060546875
2023-04-21,162.5137481689453,104.48352813720703,211.03675842285156,278.5459289550781,27.06346893310547,395.6432189941406
2023-04-24,162.8190460205078,105.0385971069336,210.9376220703125,274.6566467285156,26.986629486083984,396.0559387207031
2023-04-25,161.28273010253906,102.9372329711914,205.74325561523438,268.4669189453125,26.18726921081543,389.7690734863281
2023-04-26,161.27285766601562,102.79846954345703,207.57713317871094,287.9132385253906,26.900800704956055,388.1181945800781
2023-04-27,165.85226440429688,106.64435577392578,236.4833221435547,297.13446044921875,27.17025375366211,395.8448181152344
2023-04-28,167.1029815673828,106.39655303955078,238.22799682617188,299.5031433105469,27.692182540893555,399.223388671875
2023-05-01,167.01434326171875,106.25778198242188,241.0630645751953,297.8460693359375,28.85080337524414,398.8202819824219
2023-05-02,165.98031616210938,104.39431762695312,237.15736389160156,297.6998596191406,28.15223503112793,394.3378601074219
2023-05-03,164.90682983398438,104.48352813720703,234.9666290283203,296.71527099609375,27.745071411132812,391.6311340332031
2023-05-04,163.2720489501953,103.76984405517578,231.4871826171875,297.6998596191406,27.505563735961914,388.8572082519531
2023-05-05,170.9339141845703,104.6421127319336,230.75363159179688,302.80755615234375,28.62127685546875,396.0559387207031
2023-05-08,170.86495971679688,106.82278442382812,231.23934936523438,300.8580322265625,29.09130859375,396.1615905761719
2023-05-09,169.1612548828125,106.40646362304688,231.33847045898438,299.24969482421875,28.51249885559082,394.4242858886719
2023-05-10,170.9240264892578,110.7677993774414,231.05101013183594,304.4256896972656,28.82585906982422,396.2672424316406
2023-05-11,171.1111602783203,115.54544067382812,233.7373809814453,302.2812194824219,28.51948356628418,395.5760803222656
2023-05-12,170.1841583251953,116.47716522216797,231.774658203125,301.169921875,28.28196907043457,395.0577087402344
2023-05-15,169.69107055664062,115.4859619140625,236.7806854248047,301.6475524902344,28.893712997436523,396.4207763671875
2023-05-16,169.69107055664062,118.4595947265625,236.7410430908203,303.8699951171875,29.153186798095703,393.77154541015625
2023-05-17,170.30252075195312,119.77789306640625,240.37911987304688,306.7420654296875,30.116209030151367,398.55157470703125
2023-05-18,172.6298828125,121.75041961669922,244.70115661621094,311.1575927734375,31.613136291503906,402.3909606933594
2023-05-19,172.7383575439453,121.6810302734375,243.50167846679688,310.98175048828125,31.19998550415039,401.80535888671875
2023-05-22,171.79159545898438,123.9509048461914,246.15834045410156,313.7561340332031,31.11216163635254,401.968505859375
2023-05-23,169.18812561035156,121.4827651977539,244.5921173095703,307.9729309082031,30.625164031982422,397.45733642578125
2023-05-24,169.46426391601562,119.8373794555664,247.0406036376953,306.5955810546875,30.4754695892334,394.57781982421875
2023-05-25,170.59835815429688,122.39469146728516,250.4902801513672,318.3865966796875,37.90222930908203,397.99481201171875
2023-05-26,173.00460815429688,123.5147705078125,259.7589111328125,325.1954345703125,38.86625289916992,403.1491394042969
2023-05-30,174.8487548828125,122.58304595947266,260.2347412109375,323.5542297363281,40.028865814208984,403.30267333984375
2023-05-31,174.79942321777344,121.79006958007812,262.41558837890625,320.7994384765625,37.75653076171875,401.0663146972656
2023-06-01,177.60015869140625,122.6325912475586,270.2368469238281,324.89263916015625,39.68857192993164,404.8768310546875
2023-06-02,178.44830322265625,123.57423400878906,270.2368469238281,327.64739990234375,39.2464714050293,410.7318420410156
2023-06-05,177.0972442626953,124.90247344970703,269.0275573730469,328.1749267578125,39.090797424316406,409.9448547363281
2023-06-06,176.7323455810547,126.1910400390625,268.7598571777344,325.9671936035156,38.57486343383789,410.83740234375
2023-06-07,175.36155700683594,121.42330932617188,261.3053283691406,315.9052734375,37.402130126953125,409.41680908203125
2023-06-08,178.07354736328125,121.06647491455078,262.2767639160156,317.74188232421875,38.435123443603516,411.8932189941406
2023-06-09,178.45819091796875,121.15569305419922,262.6435852050781,319.2364807128906,38.69461441040039,412.63226318359375
2023-06-12,181.2490234375,122.55327606201172,268.6904296875,324.1794738769531,39.40523910522461,416.3756408691406
2023-06-13,180.7756805419922,122.74162292480469,268.9581298828125,326.5631103515625,40.94224548339844,419.1207275390625
2023-06-14,181.40679931640625,122.58304595947266,270.9704895019531,329.54254150390625,42.913394927978516,419.619873046875
2023-06-15,183.43832397460938,123.99055480957031,279.37664794921875,340.0538635253906,42.57007598876953,424.82220458984375
2023-06-16,182.3634033203125,122.44425964355469,278.5538635253906,334.41717529296875,42.60899353027344,423.37518310546875
2023-06-20,182.45217895507812,122.01802825927734,281.8548583984375,330.23614501953125,43.72282409667969,421.1785888671875
2023-06-21,181.4167022705078,119.49046325683594,279.18829345703125,325.8499755859375,42.961307525634766,419.0205993652344
2023-06-22,184.41464233398438,122.0676040649414,282.4001159667969,331.8578186035156,42.941349029541016,420.5331115722656
2023-06-23,184.0990447998047,121.26470184326172,286.2165832519531,327.2762145996094,42.126930236816406,417.3538818359375
2023-06-26,182.70858764648438,117.29986572265625,276.0458984375,321.0046081542969,40.55299758911133,415.648681640625
2023-06-27,185.4600067138672,117.28996276855469,284.5511474609375,326.8365783691406,41.794578552246094,420.20556640625
2023-06-28,186.63356018066406,119.12369537353516,282.8065185546875,328.0870056152344,41.03705978393555,420.4174499511719
2023-06-29,186.96884155273438,118.05318450927734,279.07928466796875,327.3055114746094,40.74262619018555,422.0745849609375
2023-06-30,191.2882843017578,118.64791107177734,284.4818115234375,332.6686096191406,42.219749450683594,427.0552673339844
2023-07-03,189.79916381835938,118.84615325927734,283.5301208496094,330.1776123046875,42.33053207397461,427.54669189453125
2023-07-05,188.684814453125,120.67990112304688,291.8074951171875,330.33380126953125,42.2347297668457,426.9107971191406
2023-07-06,189.1581573486328,119.0543212890625,289.4481506347656,333.3817138671875,42.021141052246094,423.5679016113281
2023-07-07,188.0437774658203,118.42985534667969,288.00091552734375,329.42535400390625,42.420352935791016,422.4984436035156
2023-07-10,186.00238037109375,115.4264907836914,291.53985595703125,324.159912109375,42.09799575805664,423.5679016113281
2023-07-11,185.47972106933594,116.11041259765625,295.6933288574219,324.78515625,42.32254409790039,426.265380859375
2023-07-12,187.1463623046875,117.88468933105469,306.6471862792969,329.4058532714844,43.8166389465332,429.6950378417969
2023-07-13,187.9056854248047,123.44538879394531,310.68170166015625,334.73956298828125,45.88760757446289,433.10546875
2023-07-14,188.05364990234375,124.31764221191406,306.1812438964844,337.2599792480469,45.38059616088867,432.8357238769531
2023-07-17,191.3080291748047,123.5544204711914,307.91595458984375,337.7386779785156,46.37066650390625,434.3385925292969
2023-07-18,191.05160522460938,122.67222595214844,309.3335876464844,351.18060302734375,47.40165710449219,437.5660400390625
2023-07-19,192.4026641845703,120.95744323730469,313.2591247558594,346.8725280761719,46.9854621887207,438.5390625
2023-07-20,190.45989990234375,118.15230560302734,299.88653564453125,338.8522644042969,45.431495666503906,435.6295471191406
2023-07-21,189.28634643554688,118.965087890625,291.6984558105469,335.8238830566406,44.22284698486328,435.6295471191406
2023-07-24,190.08511352539062,120.46183776855469,289.07147216796875,337.1329650878906,44.52526092529297,437.5756530761719
2023-07-25,190.94309997558594,121.1358642578125,291.9065856933594,342.8672790527344,45.59018325805664,438.7702941894531
2023-07-26,191.81094360351562,128.13381958007812,295.97088623046875,329.9626770019531,45.36362075805664,438.8376770019531
2023-07-27,190.5486602783203,128.26266479492188,308.9964904785156,323.0755615234375,45.810760498046875,435.9282531738281
2023-07-28,193.12255859375,131.4147186279297,322.6466979980469,330.54876708984375,46.65910339355469,440.19610595703125
2023-07-31,193.73402404785156,131.55348205566406,315.8265075683594,328.1554260253906,46.63814926147461,441.0342712402344
2023-08-01,192.90562438964844,130.393798828125,319.9007873535156,328.56573486328125,46.41658020019531,439.7721862792969
2023-08-02,189.91748046875,127.25163269042969,311.5738830566406,319.9300231933594,44.182926177978516,433.6546325683594
2023-08-03,188.52699279785156,127.32101440429688,310.4636535644531,319.1094055175781,44.42844772338867,432.411865234375
2023-08-04,179.4739227294922,126.98400115966797,308.0250549316406,320.2035217285156,44.59313201904297,430.4561767578125
2023-08-07,176.3773651123047,130.37393188476562,313.8043212890625,322.4796142578125,45.32869338989258,434.2134094238281
2023-08-08,177.31419372558594,130.24508666992188,309.9184265136719,318.5135803222656,44.577152252197266,432.3251037597656
2023-08-09,175.72647094726562,128.52037048339844,302.5530700683594,314.7818603515625,42.47126388549805,429.4349060058594
2023-08-10,175.50949096679688,128.5500946044922,303.0784912109375,315.4656066894531,42.30558776855469,429.5890197753906
2023-08-11,175.56874084472656,128.42124938964844,299.0142822265625,313.590087890625,40.77555847167969,429.3385925292969
2023-08-14,177.2178955078125,130.17568969726562,303.5246276855469,316.5499572753906,43.66792678833008,431.70849609375
2023-08-15,175.2329864501953,128.63931274414062,299.3215026855469,314.42034912109375,43.85456466674805,426.6795654296875
2023-08-16,174.364013671875,127.56880187988281,291.7281494140625,313.6568603515625,43.401451110839844,423.5485534667969
2023-08-17,171.8260955810547,128.77809143066406,282.6082763671875,310.2109069824219,43.259735107421875,420.3211364746094
2023-08-18,172.3099822998047,126.3397216796875,280.78424072265625,309.8193054199219,43.21481704711914,420.5234680175781
2023-08-21,173.64309692382812,127.24171447753906,287.3763427734375,315.1056823730469,46.87568664550781,423.2595520019531
2023-08-22,175.0157470703125,127.94548797607422,285.09637451171875,315.6734313964844,45.5792121887207,422.113037109375
2023-08-23,178.85714721679688,131.20655822753906,291.6785888671875,320.117919921875,47.02439880371094,426.8144836425781
2023-08-24,174.17636108398438,128.63931274414062,284.2538146972656,313.23583984375,47.0713005065918,420.8992614746094
2023-08-25,176.3785400390625,128.73846435546875,283.0146484375,316.1824951171875,45.92852783203125,423.8664855957031
2023-08-28,177.9387969970703,129.85848999023438,287.7332763671875,316.8874206542969,46.74394226074219,426.5543518066406
2023-08-29,181.81967163085938,133.38722229003906,295.3959655761719,321.498291015625,48.68914794921875,432.72003173828125
2023-08-30,185.3055419921875,134.68572998046875,292.5311279296875,321.87030029296875,49.168209075927734,434.5023498535156
2023-08-31,185.52279663085938,134.97314453125,293.3143005371094,320.8619079589844,49.25904083251953,433.86651611328125
2023-09-01,187.0929412841797,134.46762084960938,293.7998962402344,321.7429504394531,48.41468048095703,434.6758117675781
2023-09-05,187.32992553710938,134.57667541503906,297.53717041015625,326.530029296875,48.4536018371582,432.79718017578125
2023-09-06,180.62477111816406,133.27818298339844,296.565673828125,325.8741760253906,46.973365783691406,429.8876953125
2023-09-07,175.34161376953125,134.07115173339844,296.07000732421875,322.96661376953125,46.1548957824707,428.56787109375
2023-09-08,175.953857421875,135.18130493164062,295.2968444824219,327.23486328125,45.487144470214844,429.21331787109375
2023-09-11,177.119140625,135.71656799316406,304.8826904296875,330.8277282714844,45.09387969970703,432.03607177734375
2023-09-12,174.09735107421875,134.1504669189453,299.0339660644531,324.7875671386719,44.786441802978516,429.6661682128906
2023-09-13,172.03347778320312,135.5084228515625,302.4044189453125,328.98724365234375,45.40030288696289,430.1670837402344
2023-09-14,173.54437255859375,136.88619995117188,309.0064697265625,331.57171630859375,45.496124267578125,433.87615966796875
2023-09-15,172.823486328125,136.19235229492188,297.69573974609375,323.2701110839844,43.81825256347656,428.6487121582031
2023-09-18,175.7465057373047,136.99522399902344,299.916259765625,322.1345520019531,43.884132385253906,428.9001159667969
2023-09-19,176.83274841308594,136.8267364501953,302.4143371582031,321.7331848144531,43.43896484375,428.0106201171875
2023-09-20,173.29751586914062,132.56451416015625,297.06134033203125,314.0190734863281,42.16034698486328,424.0758056640625
2023-09-21,171.75697326660156,129.29351806640625,293.1556701660156,312.8052062988281,40.94062423706055,417.0665588378906
2023-09-22,172.60621643066406,129.10519409179688,296.4764709472656,310.338134765625,41.53251647949219,416.12872314453125
2023-09-25,173.88011169433594,129.95767211914062,298.21124267578125,310.8570556640625,42.14338302612305,417.8786315917969
2023-09-26,169.8115997314453,127.4399642944336,296.35748291015625,305.5706787109375,41.83296203613281,411.73944091796875
2023-09-27,168.30067443847656,129.3926544189453,295.1481018066406,306.2070007324219,42.388916015625,411.9037780761719
2023-09-28,168.55746459960938,131.1470947265625,301.31396484375,307.0390625,43.00876235961914,414.291748046875
2023-09-29,169.0709686279297,129.70982360839844,297.59661865234375,309.10467529296875,43.41799545288086,413.2863464355469
2023-10-02,171.5792236328125,132.99073791503906,304.1490783691406,315.0273132324219,44.698612213134766,413.12200927734375
2023-10-03,170.24609375,131.26602172851562,298.3202819824219,306.79437255859375,43.435970306396484,407.59185791015625
2023-10-04,171.4903564453125,134.05136108398438,302.91986083984375,312.2471008300781,43.95899200439453,410.5599670410156
2023-10-05,172.72474670410156,133.88282775878906,302.1367492675781,312.63873291015625,44.604793548583984,410.4052429199219
2023-10-06,175.2725067138672,136.37074279785156,312.68408203125,320.3724670410156,45.676788330078125,415.2779846191406
2023-10-09,176.75375366210938,137.20338439941406,315.588623046875,322.8785705566406,45.188690185546875,417.9366149902344
2023-10-10,176.16127014160156,136.8465576171875,319.038330078125,321.4786376953125,45.71272277832031,420.1119079589844
2023-10-11,177.5536346435547,139.3146514892578,324.9662780761719,325.423828125,46.718841552734375,421.8327941894531
2023-10-12,178.45225524902344,137.74855041503906,321.338134765625,324.19036865234375,46.857582092285156,419.26104736328125
2023-10-13,176.6155548095703,136.15272521972656,311.9505920410156,320.83251953125,45.376346588134766,417.1728210449219
2023-10-16,176.4871063232422,137.8773956298828,318.3543395996094,325.63922119140625,46.00916290283203,421.5621032714844
2023-10-17,174.936767578125,138.49197387695312,321.1795654296875,325.0713806152344,43.856178283691406,421.5427551269531
2023-10-18,173.64309692382812,136.74745178222656,314.2107238769531,323.1623840332031,42.1174201965332,415.9256591796875
2023-10-19,173.2678680419922,136.539306640625,310.0869445800781,324.34698486328125,42.02260971069336,412.27117919921875
2023-10-20,170.7200927734375,134.40818786621094,305.963134765625,319.79486083984375,41.309932708740234,407.2051696777344
2023-10-23,170.83859252929688,135.30026245117188,311.27655029296875,322.3890686035156,42.89497756958008,406.4993591308594
2023-10-24,171.27310180664062,137.58993530273438,309.8292236328125,323.5735778808594,43.58169174194336,409.56414794921875
2023-10-25,168.96234130859375,124.50598907470703,296.9225158691406,333.500244140625,41.701202392578125,403.6860046386719
2023-10-26,164.804931640625,121.20523834228516,285.83984375,320.98919677734375,40.25090789794922,398.8520202636719
2023-10-27,166.11831665039062,121.0962142944336,294.14691162109375,322.8687438964844,40.42457962036133,397.0440979003906
2023-10-30,168.16246032714844,123.3660888671875,300.02532958984375,330.2109069824219,41.08435821533203,401.7910461425781
2023-10-31,168.63645935058594,122.98943328857422,298.64739990234375,330.99407958984375,40.70405960083008,404.3144836425781
2023-11-01,171.79644775390625,125.3386001586914,309.13531494140625,338.7865905761719,42.246192932128906,408.6263427734375
2023-11-02,175.35150146484375,126.36946105957031,308.1638488769531,340.9892883300781,43.424983978271484,416.4574279785156
2023-11-03,174.44297790527344,127.9653091430664,311.86138916015625,345.3749084472656,44.92119598388672,420.2569580078125
2023-11-06,176.9907684326172,129.10519409179688,313.0509338378906,349.0264587402344,45.665809631347656,421.2237243652344
2023-11-07,179.54840087890625,129.81887817382812,316.04461669921875,352.9422302246094,45.86943435668945,422.42254638671875
2023-11-08,180.6050262451172,130.6812286376953,316.9962463378906,355.5560302734375,46.48727035522461,422.73193359375
2023-11-09,180.13101196289062,129.0952911376953,317.75958251953125,353.09881591796875,46.862579345703125,419.4350891113281
2023-11-10,184.31365966796875,131.4246368408203,325.907958984375,361.8899230957031,48.2449951171875,425.98040771484375
2023-11-13,182.73159790039062,130.92901611328125,326.32440185546875,358.96282958984375,48.52946472167969,425.5743103027344
2023-11-14,185.342041015625,132.44557189941406,333.38238525390625,362.4772644042969,49.56353759765625,433.83074951171875
2023-11-15,185.9056396484375,133.43678283691406,329.81378173828125,362.62445068359375,48.796966552734375,434.74920654296875
2023-11-16,187.58663940429688,135.7264862060547,331.2808532714844,369.0004577636719,49.38786315917969,435.2809753417969
2023-11-17,187.5668487548828,134.12071228027344,332.1234130859375,362.8009948730469,49.206207275390625,435.82232666015625
2023-11-20,189.30714416503906,135.0524444580078,337.0105285644531,370.24627685546875,50.31513595581055,439.1770935058594
2023-11-21,188.5062255859375,135.76612854003906,334.0466003417969,365.95953369140625,49.85099792480469,438.2200012207031
2023-11-22,189.16871643066406,137.27276611328125,338.51727294921875,370.6484680175781,48.62527847290039,439.91192626953125
2023-11-24,187.84375,135.48858642578125,335.2856750488281,370.2364807128906,47.68703842163086,440.1825866699219
2023-11-27,187.66571044921875,135.21104431152344,331.78643798828125,371.39398193359375,48.15216827392578,439.38983154296875
2023-11-28,188.26890563964844,135.9940948486328,336.0390319824219,375.40606689453125,47.73194885253906,439.8248596191406
2023-11-29,187.25042724609375,133.80352783203125,329.30816650390625,371.6294250488281,48.05036163330078,439.5154724121094
2023-11-30,187.82394409179688,131.36514282226562,324.3021240234375,371.6882629394531,46.68290710449219,441.2460632324219
2023-12-01,189.09950256347656,130.70106506347656,321.992431640625,367.37213134765625,46.67791748046875,443.8564453125
2023-12-04,187.3097686767578,128.13381958007812,317.2341613769531,362.1044921875,45.42525863647461,441.52642822265625
2023-12-05,191.2550811767578,129.83872985839844,315.51922607421875,365.4200744628906,46.48338317871094,441.4394226074219
2023-12-06,190.16744995117188,128.87721252441406,314.6865234375,361.7710266113281,45.42226028442383,439.6605529785156
2023-12-07,192.0956268310547,135.7264862060547,323.7469787597656,363.8799133300781,46.51332092285156,443.0152893066406
2023-12-08,193.51950073242188,133.80352783203125,329.8533630371094,367.097412109375,47.42170715332031,444.9198913574219
2023-12-11,191.01779174804688,132.1184844970703,322.4483947753906,364.22332763671875,46.54426574707031,446.6504211425781
2023-12-12,192.5306854248047,131.35525512695312,331.31060791015625,367.24456787109375,47.572444915771484,448.6904296875
2023-12-13,195.7443084716797,131.40481567382812,331.8260192871094,367.23480224609375,48.0026741027832,454.8779296875
2023-12-14,195.89259338378906,130.78036499023438,330.2697448730469,358.9556884765625,48.264217376708984,456.3377685546875
2023-12-15,195.35865783691406,131.43455505371094,332.0044860839844,363.6641540527344,48.80324935913086,455.58642578125
2023-12-18,193.6974639892578,134.60643005371094,341.6199951171875,365.5475769042969,49.98815155029297,458.1491394042969
2023-12-19,194.7357177734375,135.44894409179688,347.31005859375,366.1459655761719,49.5159797668457,460.9350891113281
2023-12-20,192.64932250976562,137.12408447265625,346.2394714355469,363.5563049316406,48.025630950927734,454.5477600097656
2023-12-21,192.50100708007812,139.18580627441406,351.007568359375,366.4206237792969,48.903072357177734,458.8577880859375
2023-12-22,191.43310546875,140.2464141845703,350.3137512207031,367.4407958984375,48.74336242675781,459.7798767089844
2023-12-26,190.88926696777344,140.27615356445312,351.7411804199219,367.51922607421875,49.19156265258789,461.7214050292969
2023-12-27,190.98812866210938,139.13624572753906,354.71502685546875,366.9405822753906,49.32931900024414,462.5561828613281
2023-12-28,191.41331481933594,138.99746704101562,355.2008056640625,368.12744140625,49.43413162231445,462.7309265136719
2023-12-29,190.37509155273438,138.46221923828125,350.87872314453125,368.8729553222656,49.43413162231445,461.3913879394531
2024-01-02,183.5622100830078,136.95558166503906,343.2755126953125,363.8014831542969,48.08253479003906,458.8092346191406
2024-01-03,182.18775939941406,137.698974609375,341.4713134765625,363.53668212890625,47.484596252441406,455.0622863769531
2024-01-04,179.87393188476562,135.19125366210938,344.0982666015625,360.9273376464844,47.912837982177734,453.5964660644531
2024-01-05,179.15208435058594,134.5370330810547,348.88623046875,360.7409973144531,49.009883880615234,454.2176818847656
2024-01-08,183.48306274414062,137.6197052001953,355.5378112792969,367.5487365722656,52.16028594970703,460.7021179199219
2024-01-09,183.0677490234375,139.71116638183594,354.31854248046875,368.62774658203125,53.045711517333984,460.0032043457031
2024-01-10,184.1060333251953,141.0294647216797,367.2450256347656,375.4747009277344,54.253562927246094,462.604736328125
2024-01-11,183.5127716064453,140.83123779296875,366.4519958496094,377.2992248535156,54.72472381591797,462.4009094238281
2024-01-12,183.8390655517578,141.39620971679688,371.22998046875,381.06610107421875,54.61292266845703,462.7212219238281
2024-01-16,181.57467651367188,141.2376251220703,364.26116943359375,382.8316955566406,56.281959533691406,461.0224914550781
2024-01-17,180.63528442382812,140.22659301757812,365.16326904296875,382.0470275878906,55.953548431396484,458.4598388671875
2024-01-18,186.5187530517578,142.2189178466797,372.8557434082031,386.3631591796875,57.00567626953125,462.5367126464844
2024-01-19,189.41592407226562,145.0934295654297,380.11199951171875,391.0716247558594,59.38544464111328,468.3028259277344
2024-01-22,191.71983337402344,144.7068634033203,378.4565734863281,388.952880859375,59.548160552978516,469.29296875
2024-01-23,192.9954071044922,145.7476043701172,381.8468322753906,391.2972412109375,59.76677322387695,470.66162109375
2024-01-24,192.322998046875,147.39300537109375,387.2988586425781,394.88751220703125,61.25312423706055,471.1761779785156
2024-01-25,191.99671936035156,150.53515625,389.7572937011719,397.15350341796875,61.50767517089844,473.7388610839844
2024-01-26,190.2662811279297,150.85235595703125,390.7089538574219,396.23138427734375,60.92271041870117,473.13702392578125
2024-01-29,189.583984375,152.16073608398438,397.5290222167969,401.91107177734375,62.35416793823242,476.88397216796875
2024-01-30,185.93533325195312,150.1287841796875,396.577392578125,400.8026123046875,62.66261672973633,476.5150451660156
2024-01-31,182.33604431152344,138.86862182617188,386.7437744140625,390.0024108886719,61.41783142089844,468.7396545410156
2024-02-01,184.76852416992188,139.91934204101562,391.3433532714844,396.084228515625,62.91516876220703,474.8746032714844
2024-02-02,183.7698516845703,141.12855529785156,470.8551330566406,403.3824462890625,66.04261779785156,479.8737487792969
2024-02-05,185.579345703125,142.4171600341797,455.4107971191406,397.91864013671875,69.208984375,478.12646484375
2024-02-06,187.18121337890625,142.83346557617188,450.7616271972656,397.7616882324219,68.1019515991211,479.5146179199219
2024-02-07,187.2899932861328,144.26080322265625,465.5021057128906,406.15850830078125,69.97461700439453,483.5139465332031
2024-02-08,186.21218872070312,144.6275634765625,465.9085388183594,406.2173156738281,69.51742553710938,483.7275695800781
2024-02-09,186.97454833984375,147.69039916992188,464.0350646972656,412.53460693359375,72.00503540039062,486.5231628417969
2024-02-12,185.2914276123047,146.23333740234375,464.8181457519531,407.3454895019531,72.11980438232422,486.3096008300781
2024-02-13,183.20237731933594,143.8643035888672,456.11456298828125,398.57586669921875,72.00003051757812,479.6116638183594
2024-02-14,182.32119750976562,144.65728759765625,469.15997314453125,402.4282531738281,73.7688980102539,483.97021484375
2024-02-15,182.0341033935547,141.51516723632812,479.81646728515625,399.5487976074219,72.52909088134766,487.3094482421875
2024-02-16,180.49948120117188,139.28494262695312,469.1996765136719,397.0919189453125,72.48414611816406,484.8826904296875
2024-02-20,179.7569580078125,139.87965393066406,467.64337158203125,395.8437805175781,69.32877349853516,482.2132568359375
2024-02-21,180.5093994140625,141.29708862304688,464.4479675292969,395.24432373046875,67.35228729248047,482.6499938964844
2024-02-22,182.5390167236328,142.82354736328125,482.4094543457031,404.5509948730469,78.3986587524414,492.63873291015625
2024-02-23,180.70742797851562,142.6947021484375,480.3255310058594,403.2636413574219,78.67715454101562,492.97845458984375
2024-02-26,179.3609161376953,136.36085510253906,478.0530700683594,400.5118713378906,78.95166778564453,491.1728820800781
2024-02-27,180.81631469726562,137.6593475341797,483.32244873046875,400.4529724121094,78.56135559082031,492.08538818359375
2024-02-28,179.6183319091797,135.18130493164062,480.3156433105469,400.68878173828125,77.52519989013672,491.4350280761719
2024-02-29,178.95498657226562,137.2430419921875,486.37884521484375,406.5067138671875,78.97162628173828,493.20166015625
2024-03-01,177.8758087158203,135.9346160888672,498.4556884765625,408.3346252441406,82.13300323486328,497.83203125
2024-03-04,173.36109924316406,132.17794799804688,494.377197265625,407.7646179199219,85.08574676513672,497.298095703125
2024-03-05,168.4305419921875,131.50392150878906,486.4681701660156,395.7062072753906,85.81549835205078,492.32806396484375
2024-03-06,167.44046020507812,130.24508666992188,492.2932434082031,395.1558837890625,88.54676818847656,494.82281494140625
2024-03-07,167.32167053222656,133.19888305664062,508.27001953125,402.0843200683594,92.50891876220703,499.7345886230469
2024-03-08,169.0345001220703,134.2198486328125,502.07781982421875,399.2146301269531,87.37680053710938,496.735107421875
2024-03-11,171.03443908691406,136.45999145507812,479.888916015625,397.5439453125,85.62582397460938,496.30792236328125
2024-03-12,171.50965881347656,137.28268432617188,495.9252624511719,408.1183776855469,91.75423431396484,501.6470031738281
2024-03-13,169.43051147460938,138.56134033203125,491.7772521972656,407.9415588378906,90.73098754882812,500.86065673828125
2024-03-14,171.28195190429688,141.84222412109375,488.06585693359375,417.88702392578125,87.79207611083984,499.8705749511719
2024-03-15,170.9057159423828,139.93911743164062,480.39501953125,409.23876953125,87.68526458740234,496.4381408691406
2024-03-18,171.99476623535156,146.3820037841797,493.1764221191406,410.1232604980469,88.30219268798828,499.3885803222656
2024-03-19,174.33135986328125,145.7377166748047,492.4421081542969,414.1426696777344,89.24357604980469,502.1636657714844
2024-03-20,176.89564514160156,147.43267822265625,501.65106201171875,417.8968505859375,90.21588134765625,506.8083190917969
2024-03-21,169.6681365966797,146.30271911621094,503.87396240234375,421.9654541015625,91.27703857421875,508.4831848144531
2024-03-22,170.569091796875,149.4448699951172,505.6799621582031,421.3462829589844,94.12611389160156,507.51922607421875
2024-03-25,169.15328979492188,148.75099182128906,499.170166015625,415.5676574707031,94.837890625,506.1170959472656
2024-03-26,168.0246124267578,149.34568786621094,492.09478759765625,414.3785705566406,92.4011001586914,505.1822814941406
2024-03-27,171.58885192871094,149.5439453125,490.080322265625,414.162353515625,90.09410858154297,509.4277038574219
2024-03-28,169.7770233154297,149.60342407226562,481.8636779785156,413.4645690917969,90.19991302490234,509.330322265625
2024-04-01,168.34144592285156,154.12338256835938,487.58953857421875,417.2481994628906,90.2068862915039,508.4442443847656
2024-04-02,167.16326904296875,153.20152282714844,493.5634460449219,414.1721496582031,89.2974624633789,505.21148681640625
2024-04-03,167.96522521972656,153.55838012695312,502.8617858886719,413.1992492675781,88.81031036376953,505.7664794921875
2024-04-04,167.14346313476562,149.20693969726562,507.009765625,410.673583984375,85.75658416748047,499.5930480957031
2024-04-05,167.8959197998047,151.1596221923828,523.3041381835938,418.1818542480469,87.8559799194336,504.81219482421875
2024-04-08,166.77713012695312,153.48898315429688,515.2760009765625,417.267822265625,86.98247528076172,505.0946044921875
2024-04-09,167.98500061035156,155.22360229492188,512.9440307617188,418.9286804199219,85.20654296875,505.6788635253906
2024-04-10,166.11378479003906,154.7676239013672,515.8516235351562,415.9608154296875,86.88864135742188,500.61541748046875
2024-04-11,173.30166625976562,158.00889587402344,519.156005859375,420.5502624511719,90.45945739746094,504.3935546875
2024-04-12,174.7966766357422,156.34364318847656,507.98223876953125,414.6242370605469,88.03366088867188,497.43133544921875
2024-04-15,170.9750518798828,153.49888610839844,496.4015808105469,406.5067138671875,85.85242462158203,491.199462890625
2024-04-16,167.6979217529297,153.04295349121094,495.93511962890625,407.4304504394531,87.26399230957031,490.3035888671875
2024-04-17,166.3315887451172,154.103515625,490.3879089355469,404.7377014160156,83.88983154296875,487.40185546875
2024-04-18,165.381103515625,154.6387939453125,497.9595031738281,397.29827880859375,84.52472686767578,486.3989562988281
2024-04-19,163.3614044189453,152.7356719970703,477.3882141113281,392.2370910644531,76.06836700439453,482.15350341796875
2024-04-22,164.1930389404297,154.9064178466797,478.04315185546875,394.0453796386719,79.38063049316406,486.59368896484375
2024-04-23,165.24252319335938,156.86900329589844,492.30322265625,400.5414123535156,82.2806167602539,492.367919921875
2024-04-24,167.3414764404297,157.73138427734375,489.7230529785156,402.005615234375,79.53935241699219,492.13427734375
2024-04-25,168.2028045654297,154.6288604736328,438.001953125,392.1584777832031,82.4892578125,490.2646179199219
2024-04-26,167.61868286132812,170.43869018554688,439.89739990234375,399.31298828125,87.58345031738281,494.90936279296875
2024-04-29,171.77699279785156,164.6896514892578,429.30902099609375,395.3131103515625,87.60540008544922,496.662109375
2024-04-30,168.63845825195312,161.34927368164062,426.87774658203125,382.61590576171875,86.25275421142578,488.7942810058594
2024-05-01,167.61868286132812,162.4197998046875,435.8287048339844,388.1291809082031,82.89753723144531,487.2071533203125
2024-05-02,171.31163024902344,165.15553283691406,438.2996826171875,390.9791564941406,85.66874694824219,491.7641906738281
2024-05-03,181.55885314941406,165.77008056640625,448.5009765625,399.6470947265625,88.63561248779297,497.85980224609375
2024-05-06,179.90545654296875,166.62254333496094,462.1159973144531,406.40838623046875,91.98082733154297,503.0010986328125
2024-05-07,180.5885772705078,169.74484252929688,464.6563415527344,402.28082275390625,90.3975601196289,503.5561828613281
2024-05-08,180.92523193359375,167.8912811279297,468.9830627441406,403.4601745605469,90.25582122802734,503.604736328125
2024-05-09,182.737060546875,168.46617126464844,471.781494140625,405.20947265625,88.59369659423828,506.5065002441406
2024-05-10,181.47796630859375,167.1676788330078,472.5555419921875,407.5877380371094,89.72272491455078,507.1589660644531
2024-05-13,184.68020629882812,167.6533660888672,464.42816162109375,406.5852966308594,90.24284362792969,507.22705078125
2024-05-14,185.82034301757812,168.8428497314453,468.23876953125,409.3763122558594,91.19818878173828,509.5543212890625
2024-05-15,188.09066772460938,170.99374389648438,477.8546142578125,416.53387451171875,94.4665298461914,515.8641357421875
2024-05-16,188.20962524414062,172.64906311035156,469.6082458496094,414.4761657714844,94.19599914550781,514.8026733398438
2024-05-17,188.2393798828125,174.5125732421875,468.29827880859375,413.708251953125,92.31924438476562,515.542724609375
2024-05-20,189.39932250976562,175.36500549316406,465.2518310546875,418.7588806152344,94.61627960205078,516.1365966796875
2024-05-21,190.69808959960938,176.28684997558594,461.073974609375,422.4016418457031,95.2212142944336,517.402587890625
2024-05-22,189.26051330566406,174.82974243164062,464.1999206542969,423.8587341308594,94.78596496582031,515.9127807617188
2024-05-23,185.27508544921875,172.02462768554688,462.2152404785156,420.3931884765625,103.61969757080078,512.1444702148438
2024-05-24,188.3484344482422,173.4519500732422,474.5600280761719,423.5043640136719,106.28507995605469,515.5331420898438
2024-05-28,188.3583526611328,174.84954833984375,476.2470397949219,423.6618347167969,113.70423889160156,515.893310546875
2024-05-29,188.65577697753906,174.3539581298828,470.7295227050781,422.5296630859375,114.62663269042969,512.2806396484375
2024-05-30,189.6471710205078,170.5972900390625,463.47552490234375,408.2539978027344,110.30911254882812,508.8824768066406
2024-05-31,190.59896850585938,170.98382568359375,463.2572021484375,408.7068176269531,109.443603515625,513.5173950195312
2024-06-03,192.3636474609375,171.64794921875,473.8355407714844,407.12176513671875,114.80133056640625,513.9361572265625
2024-06-04,192.680908203125,172.26248168945312,473.33941650390625,409.6322937011719,116.23585510253906,514.5106201171875
2024-06-05,194.18783569335938,173.86827087402344,491.27117919921875,417.4494323730469,122.22848510742188,520.6256713867188
2024-06-06,192.80978393554688,175.17665100097656,489.9811096191406,417.9515380859375,120.78898620605469,520.6159057617188
2024-06-07,195.19911193847656,172.92660522460938,489.1872253417969,417.2919616699219,120.67916107177734,519.9830322265625
2024-06-10,191.4614715576172,173.67088317871094,498.75341796875,421.24969482421875,121.5796127319336,521.5896606445312
2024-06-11,205.3709716796875,175.26853942871094,503.5861511230469,425.9853210449219,120.71104431152344,522.8457641601562
2024-06-12,211.24014282226562,176.4296112060547,504.9456787109375,434.2356262207031,124.99398040771484,527.1399536132812
2024-06-13,212.40008544921875,173.81973266601562,500.241943359375,434.74761962890625,129.396728515625,528.2012329101562
2024-06-14,210.66513061523438,175.437255859375,500.79827880859375,435.7222900390625,131.66299438476562,528.5226440429688
2024-06-17,214.80921936035156,175.88381958007812,503.25177001953125,441.43255615234375,130.7644805908203,532.729248046875
2024-06-18,212.4496612548828,173.75027465820312,496.1593322753906,439.4339904785156,135.35690307617188,534.0825805664062
2024-06-20,207.8792724609375,174.95101928710938,498.3546142578125,438.8038635253906,130.56478881835938,532.6317749023438
2024-06-21,205.70806884765625,178.25552368164062,491.4807434082031,442.82073974609375,126.36173248291016,531.9177856445312
2024-06-24,206.3524932861328,177.84864807128906,495.5832214355469,440.7433776855469,117.91564178466797,530.1886596679688
2024-06-25,207.27450561523438,182.62184143066406,507.1952819824219,443.97265625,125.88251495361328,532.2301635742188
2024-06-26,211.41859436035156,182.47300720214844,509.6983947753906,445.1639099121094,126.1920166015625,532.89453125
2024-06-27,212.26129150390625,183.99131774902344,516.0955200195312,445.84326171875,123.78597259521484,533.734619140625
2024-06-28,208.81117248535156,180.75624084472656,500.85784912109375,440.0345458984375,123.33671569824219,531.6343383789062
2024-07-01,214.8885498046875,181.58981323242188,501.31475830078125,449.6632080078125,124.095458984375,532.7285766601562
2024-07-02,218.37832641601562,183.82261657714844,506.10260009765625,452.1737365722656,122.46814727783203,536.3135986328125
2024-07-03,219.64730834960938,184.39817810058594,506.5595397949219,453.6407165527344,128.0689239501953,538.7069702148438
2024-07-05,224.3961639404297,189.1416015625,536.3098754882812,460.3256530761719,125.6229476928711,541.8134155273438
2024-07-08,225.8634796142578,187.58360290527344,525.7904663085938,459.0260009765625,127.9890365600586,542.4386596679688
2024-07-09,226.71607971191406,187.53395080566406,526.4658813476562,452.4297180175781,131.163818359375,542.9661865234375
2024-07-10,230.97915649414062,189.71714782714844,531.1246948242188,459.03594970703125,134.68800354003906,548.3389282226562
2024-07-11,225.61561584472656,184.15008544921875,509.2812805175781,447.6646728515625,127.19036865234375,543.6109619140625
2024-07-12,228.5601043701172,183.65390014648438,495.5434875488281,446.5323486328125,129.02734375,547.0396728515625
2024-07-15,232.38694763183594,185.1027374267578,492.8515625,446.93603515625,128.2286376953125,548.5441284179688
2024-07-16,232.8033447265625,182.5126953125,486.5240478515625,442.5647277832031,126.1520767211914,551.7970581054688
2024-07-17,226.91436767578125,179.6348876953125,458.909423828125,436.6575622558594,117.79583740234375,544.060302734375
2024-07-18,222.25473022460938,176.33038330078125,472.677001953125,433.55633544921875,120.89073181152344,539.8792114257812
2024-07-19,222.3836212158203,176.3006134033203,473.6107482910156,430.3468017578125,117.73595428466797,536.2940673828125
2024-07-22,222.03663635253906,180.2799072265625,484.1499938964844,436.0865478515625,123.33671569824219,541.8232421875
2024-07-23,223.07760620117188,180.3989715576172,485.43133544921875,437.967041015625,122.38826751708984,540.9733276367188
2024-07-24,216.66317749023438,171.30908203125,458.1941833496094,422.2638244628906,114.06199645996094,528.7135009765625
2024-07-25,215.6221923828125,166.00003051757812,450.3866271972656,411.92620849609375,112.09524536132812,525.9586791992188
2024-07-26,216.08815002441406,165.72216796875,462.5946960449219,418.68994140625,112.87395477294922,531.849365234375
2024-07-29,216.36575317382812,168.23280334472656,462.6046142578125,420.1274108886719,111.4063720703125,532.1619873046875
2024-07-30,216.9209442138672,168.9869842529297,460.1014099121094,416.3763427734375,103.55931091308594,529.4657592773438
2024-07-31,220.17276000976562,170.2274169921875,471.6637268066406,411.87701416015625,116.82743835449219,538.0719604492188
2024-08-01,216.48471069335938,169.453369140625,494.4210205078125,410.65618896484375,109.03028106689453,530.452392578125
2024-08-02,217.97183227539062,165.38479614257812,484.8850402832031,402.16961669921875,107.09347534179688,520.5762329101562
2024-08-05,207.47279357910156,158.03146362304688,472.5578308105469,389.0360107421875,100.28470611572266,505.41510009765625
2024-08-06,205.4502716064453,157.07879638671875,490.7953796386719,393.4269714355469,104.07845306396484,510.0748291015625
2024-08-07,208.01806640625,157.72386169433594,485.6598205566406,392.2652282714844,98.74723815917969,506.6654357910156
2024-08-08,211.47808837890625,160.79017639160156,506.2317810058594,396.4593200683594,104.79727172851562,518.3782348632812
2024-08-09,214.38291931152344,162.41763305664062,514.3175659179688,399.7378234863281,104.57763671875,520.6641235351562
2024-08-12,215.91146850585938,161.04820251464844,512.5096435546875,400.515625,108.84061431884766,520.9376220703125
2024-08-13,219.62364196777344,162.9038848876953,525.0156860351562,407.6042175292969,115.94889068603516,529.5048217773438
2024-08-14,220.07029724121094,159.14288330078125,523.24755859375,410.41009521484375,117.88570404052734,531.1752319335938
2024-08-15,223.04795837402344,160.0657958984375,533.7470092773438,415.2626953125,122.65782928466797,540.2796630859375
2024-08-16,224.36807250976562,161.71310424804688,523.903076171875,412.7377624511719,124.375,541.4911499023438
2024-08-19,224.20925903320312,165.3946990966797,525.750732421875,415.755859375,129.78607177734375,546.6685180664062
2024-08-20,224.82464599609375,165.90078735351562,523.2177124023438,418.9811096191406,127.04060363769531,545.779541015625
2024-08-21,224.7154541015625,164.58094787597656,531.5914916992188,418.3301086425781,128.28855895996094,547.6550903320312
2024-08-22,222.859375,162.54666137695312,528.3829956054688,409.8577575683594,123.53639221191406,543.3568115234375
2024-08-23,225.15220642089844,164.35272216796875,524.479248046875,411.080810546875,129.1571044921875,549.1301879882812
2024-08-26,225.48965454101562,164.8885955810547,517.6451416015625,407.8259582519531,126.25190734863281,547.8211669921875
2024-08-27,226.33334350585938,163.41990661621094,515.6385498046875,408.171142578125,128.08889770507812,548.5734252929688
2024-08-28,224.8048095703125,161.6039276123047,513.3341064453125,404.9755554199219,125.40331268310547,545.3887329101562
2024-08-29,228.08026123046875,160.54212951660156,514.7644653320312,407.4610595703125,117.3965072631836,545.4376220703125
2024-08-30,227.29612731933594,162.12986755371094,517.8338012695312,411.4259948730469,119.17357635498047,550.6443481445312
2024-09-03,221.1124725341797,156.1559295654297,508.3475646972656,403.8314208984375,107.8222885131836,539.3126220703125
2024-09-04,219.20677185058594,155.25289916992188,509.3209533691406,403.2988586425781,106.03523254394531,538.208740234375
2024-09-05,220.72537231445312,156.03683471679688,513.41357421875,402.7958068847656,107.03358459472656,536.8997192382812
2024-09-06,219.17698669433594,149.7652130126953,496.93414306640625,396.1974792480469,102.6607894897461,527.8636474609375
2024-09-09,219.26632690429688,147.7679443359375,501.424072265625,400.1624450683594,106.29479217529297,533.773681640625
2024-09-10,218.4722900390625,147.71824645996094,501.424072265625,408.5262451171875,107.922119140625,536.0987548828125
2024-09-11,221.0032958984375,150.20242309570312,508.41705322265625,417.24517822265625,116.7176284790039,541.5985107421875
2024-09-12,221.1124725341797,153.7100830078125,522.0953369140625,421.1509094238281,118.95413208007812,546.1605224609375
2024-09-13,220.844482421875,156.4625244140625,521.1217651367188,424.6917419433594,118.9141845703125,549.012939453125
2024-09-16,214.7104949951172,157.05870056152344,530.2293701171875,425.43145751953125,116.5978012084961,549.8237915039062
2024-09-17,215.17697143554688,158.31072998046875,533.2520751953125,429.18927001953125,115.40966796875,550.0484619140625
2024-09-18,219.04795837402344,158.79763793945312,534.8726806640625,424.90875244140625,113.19313049316406,548.4171142578125
2024-09-19,227.16709899902344,161.1128692626953,555.901611328125,432.6807556152344,117.68611145019531,557.7754516601562
2024-09-20,226.5020751953125,162.55368041992188,558.1388549804688,429.3076171875,115.81902313232422,556.811279296875
2024-09-23,224.78492736816406,160.82470703125,561.1812744140625,427.57177734375,116.07862854003906,558.2027587890625
2024-09-24,225.67825317382812,161.26190185546875,560.1074829101562,423.29119873046875,120.68143463134766,559.7998657226562
2024-09-25,224.6857147216797,160.46697998046875,565.0590209960938,426.1909484863281,123.31732177734375,558.565185546875
2024-09-26,225.82713317871094,161.69911193847656,564.5916748046875,425.4018859863281,123.84648895263672,560.7798461914062
2024-09-27,226.09510803222656,162.911376953125,564.1144409179688,422.1568908691406,121.21060943603516,559.9664916992188
2024-09-30,231.266357421875,164.79934692382812,569.1653442382812,424.40570068359375,121.25054931640625,562.21044921875
2024-10-01,224.52688598632812,165.93214416503906,573.1722412109375,414.9273376464844,116.81746673583984,557.1739501953125
2024-10-02,225.0926513671875,164.80931091308594,569.5332641601562,411.4161376953125,118.66458129882812,557.4090576171875
2024-10-03,223.9908905029297,164.80931091308594,579.436279296875,410.834228515625,122.65834045410156,556.3900146484375
2024-10-04,225.1125030517578,166.001708984375,592.5309448242188,410.36077880859375,124.72511291503906,561.4461059570312
2024-10-07,220.04051208496094,161.9475555419922,581.4348754882812,403.9300842285156,127.520751953125,556.3704223632812
2024-10-08,224.09014892578125,163.33868408203125,589.4983520507812,409.0292663574219,132.68267822265625,561.6322631835938
2024-10-09,227.8321075439453,160.83465576171875,587.1321411132812,411.7415466308594,132.44305419921875,565.5223388671875
2024-10-10,227.33583068847656,161.05323791503906,580.490234375,410.1438293457031,134.5996856689453,564.53271484375
2024-10-11,225.85693359375,162.2058868408203,586.5752563476562,410.6172180175781,134.58970642089844,567.913330078125
2024-10-14,229.57901000976562,163.9149932861328,587.0426025390625,413.39862060546875,137.8546142578125,572.5579223632812
2024-10-15,232.11004638671875,164.41184997558594,582.9161987304688,413.0040588378906,131.39468383789062,568.1091918945312
2024-10-16,230.05543518066406,164.1137237548828,573.490478515625,410.4199523925781,135.5082550048828,570.5784912109375
2024-10-17,230.4226837158203,161.89785766601562,573.629638671875,411.01177978515625,136.7163848876953,570.6275634765625
2024-10-18,233.25148010253906,162.384765625,573.1722412109375,412.43206787109375,137.7847137451172,572.8223876953125
2024-10-21,234.720458984375,163.03065490722656,571.8698120117188,413.0435485839844,143.48580932617188,571.8817749023438
2024-10-22,234.10507202148438,164.0938720703125,578.6806030273438,421.6539611816406,143.36599731445312,571.5780029296875
2024-10-23,229.0430145263672,161.74880981445312,560.4653930664062,418.7838134765625,139.34226989746094,566.3552856445312
2024-10-24,228.8544464111328,161.68919372558594,564.5320434570312,418.9120178222656,140.19094848632812,567.5801391601562
2024-10-25,229.68820190429688,164.22305297851562,569.9707641601562,422.2851867675781,141.31918334960938,567.3842163085938
2024-10-28,231.6633758544922,165.66383361816406,574.8526611328125,420.7465515136719,140.30078125,569.1381225585938
2024-10-29,231.93136596679688,168.6051025390625,589.8861694335938,426.0331115722656,141.02963256835938,570.0592041015625
2024-10-30,228.387939453125,173.35479736328125,588.4146728515625,426.60516357421875,139.12261962890625,568.3346557617188
2024-10-31,224.2291259765625,170.02603149414062,564.3331909179688,400.7838134765625,132.55288696289062,557.1935424804688
2024-11-01,221.25143432617188,170.20489501953125,563.91552734375,404.7487487792969,135.18875122070312,559.545166015625
2024-11-04,220.35813903808594,168.1678924560547,557.4725952148438,402.8648681640625,135.83775329589844,558.3399047851562
2024-11-05,221.7874298095703,168.66473388671875,569.1553955078125,405.82379150390625,139.6917266845703,565.09130859375
2024-11-06,221.06283569335938,175.39183044433594,568.777587890625,414.42431640625,145.3828582763672,579.142578125
2024-11-07,225.7874298095703,179.60494995117188,588.315185546875,419.6024169921875,148.6477508544922,583.62060546875
2024-11-08,225.51914978027344,177.22018432617188,585.9686889648438,416.75201416015625,147.399658203125,586.148681640625
2024-11-11,222.80645751953125,179.20748901367188,579.8339233398438,412.28411865234375,145.0333709716797,586.7071533203125
2024-11-12,222.80645751953125,180.46945190429688,581.4744873046875,417.23529052734375,148.05862426757812,584.8845825195312
2024-11-13,223.69082641601562,177.74681091308594,576.68212890625,419.3755798339844,146.0417938232422,585.1688232421875
2024-11-14,226.77114868164062,174.4677276611328,573.8583984375,421.0424499511719,146.53102111816406,581.4060668945312
2024-11-15,223.57159423828125,171.3972930908203,550.910400390625,409.3153076171875,141.75848388671875,573.9591064453125
2024-11-18,226.57241821289062,174.1894989013672,551.2286376953125,410.0649108886719,139.93133544921875,576.3108520507812
2024-11-19,226.83074951171875,176.99163818359375,557.88037109375,412.0671081542969,146.78065490722656,578.4175415039062
2024-11-20,227.54620361328125,174.86520385742188,562.2849731445312,409.7985534667969,145.6623992919922,578.6134643554688
2024-11-21,227.06924438476562,166.568115234375,559.8689575195312,408.0295715332031,146.44119262695312,581.7196044921875
2024-11-22,228.41067504882812,163.7162628173828,555.9414672851562,412.11114501953125,141.72854614257812,583.5226440429688
2024-11-25,231.3916473388672,166.58795166015625,561.8773193359375,413.8801574707031,135.80780029296875,585.501953125
2024-11-26,233.56771850585938,168.0486297607422,570.2590942382812,422.9723205566406,136.70640563964844,588.5591430664062
2024-11-27,233.43853759765625,168.15794372558594,565.9439086914062,418.03094482421875,135.12884521484375,586.7758178710938
2024-11-29,235.82330322265625,167.8797149658203,571.0346069335938,418.49542236328125,138.03433227539062,590.4208984375
2024-12-02,238.06895446777344,170.4036407470703,589.438720703125,425.9272766113281,138.41371154785156,591.4791870117188
2024-12-03,241.1095428466797,170.25454711914062,610.1396484375,426.1446838378906,140.0411834716797,591.7534790039062
2024-12-04,241.4672393798828,173.26539611816406,610.2689208984375,432.291748046875,144.91357421875,595.4279174804688
2024-12-05,241.4970703125,171.54635620117188,605.4466552734375,437.4307861328125,144.8436737060547,594.4481811523438
2024-12-06,241.29832458496094,173.60324096679688,620.2018432617188,438.36968994140625,142.2275848388672,595.5750122070312
2024-12-09,245.18350219726562,174.45875549316406,610.06005859375,440.79095458984375,138.60299682617188,592.5079345703125
2024-12-10,246.19703674316406,184.20787048339844,615.7772216796875,438.1324768066406,134.8685760498047,590.6658935546875
2024-12-11,244.92515563964844,194.38467407226562,629.060791015625,443.7261047363281,139.1022491455078,595.2320556640625
2024-12-12,246.3858184814453,190.9625701904297,627.1815795898438,444.2893981933594,137.1351776123047,592.1651000976562
2024-12-13,246.55474853515625,188.83367919921875,616.8013916015625,442.0262451171875,134.0498046875,592.0475463867188
2024-12-16,249.44625854492188,195.63815307617188,621.1697387695312,446.295654296875,131.80313110351562,594.5755615234375
2024-12-17,251.8707733154297,194.40455627441406,616.393310546875,449.1319580078125,130.195556640625,592.1258544921875
2024-12-18,246.47528076171875,187.4210662841797,594.2527465820312,432.26214599609375,128.71775817871094,574.4784545898438
2024-12-19,248.20420837402344,187.53045654296875,592.6407470703125,431.9062805175781,130.48509216308594,574.3020629882812
2024-12-20,252.87437438964844,190.41542053222656,582.3715209960938,431.4813537597656,134.49911499023438,581.199951171875
2024-12-23,253.6494140625,193.6186981201172,596.899658203125,430.147216796875,139.46170043945312,584.6802978515625
2024-12-24,256.5608215332031,195.09100341796875,604.7608032226562,434.1793212890625,140.01089477539062,591.1790771484375
2024-12-26,257.3756103515625,194.58364868164062,600.3824462890625,432.9736633300781,139.72132873535156,591.218505859375
2024-12-27,253.96737670898438,191.75839233398438,596.8599243164062,425.4825439453125,136.8056640625,584.9949340820312
2024-12-30,250.59889221191406,190.24632263183594,588.3319091796875,419.8493347167969,137.28494262695312,578.3192138671875
2024-12-31,248.83021545410156,188.31637573242188,582.6303100585938,416.55841064453125,134.0897216796875,576.21533203125
2025-01-02,242.3019256591797,188.44569396972656,596.2926635742188,413.6726379394531,138.10372924804688,574.7994995117188
2025-01-03,241.8150177001953,190.79344177246094,601.6561279296875,418.38671875,144.2545623779297,581.9864501953125
2025-01-06,243.44461059570312,195.84707641601562,627.1004638671875,422.8339538574219,149.20716857910156,585.3390502929688
2025-01-07,240.6723175048828,194.47421264648438,614.85107421875,417.4181823730469,139.93099975585938,578.7223510742188
2025-01-08,241.1592254638672,192.9422149658203,607.7161865234375,419.5825500488281,139.90106201171875,579.56787109375
2025-01-10,235.3463592529297,191.04212951660156,612.8308715820312,414.0382995605469,135.7073211669922,570.7193603515625
2025-01-13,232.91189575195312,190.0175018310547,605.3380126953125,412.2989501953125,133.0312957763672,571.604248046875
2025-01-14,231.79901123046875,188.6745147705078,591.3271484375,410.7967834472656,131.56349182128906,572.3907470703125
2025-01-15,236.35987854003906,194.53390502929688,614.084716796875,421.3119812011719,136.03683471679688,582.8025512695312
2025-01-16,226.81088256835938,191.9076385498047,608.2932739257812,419.6022644042969,133.3708038330078,581.6817016601562
2025-01-17,228.51995849609375,194.98158264160156,609.7561645507812,424.0001220703125,137.50465393066406,587.521728515625
2025-01-21,221.2265625,197.0209197998047,613.427978515625,423.476318359375,140.61996459960938,592.8995971679688
2025-01-22,222.40902709960938,197.33926391601562,620.4334106445312,440.9688415527344,146.85067749023438,596.2326049804688
2025-01-23,222.24009704589844,196.95127868652344,633.3197021484375,441.47283935546875,147.00045776367188,599.48681640625
2025-01-24,221.36569213867188,199.16970825195312,644.3053588867188,438.8538818359375,142.40731811523438,597.73681640625
2025-01-27,228.40072631835938,190.81332397460938,656.6343994140625,429.46527099609375,118.24339294433594,589.2815551757812
2025-01-28,236.7473907470703,194.28521728515625,671.0134887695312,441.95709228515625,128.79763793945312,594.3449096679688
2025-01-29,237.8404083251953,194.3946533203125,673.1627197265625,437.1441345214844,123.5155258178711,591.6805419921875
2025-01-30,236.08164978027344,199.82626342773438,683.62109375,410.12469482421875,124.46411895751953,594.8561401367188
2025-01-31,234.5017547607422,202.95989990234375,685.790283203125,410.1938781738281,119.89093780517578,591.6903686523438
2025-02-03,226.5624542236328,200.18438720703125,694.0296020507812,406.10247802734375,116.48603057861328,587.7084350585938
2025-02-04,231.32208251953125,205.30764770507812,700.7264404296875,407.5354309082031,118.47305297851562,591.651123046875
2025-02-05,230.99415588378906,190.33583068847656,701.4031372070312,408.4446716308594,124.64383697509766,594.0498657226562
2025-02-06,231.73941040039062,190.60443115234375,708.488037109375,410.94500732421875,128.4880828857422,596.1146240234375
2025-02-07,226.18490600585938,184.37696838378906,711.0056762695312,404.9461669921875,129.64634704589844,590.6580200195312
2025-02-10,226.45346069335938,185.5010986328125,713.87158203125,407.38720703125,133.3708038330078,594.6693725585938
2025-02-11,231.3973388671875,184.35707092285156,716.2597045898438,406.6163635253906,132.6019744873047,595.1216430664062
2025-02-12,235.625,182.65594482421875,721.812255859375,404.2445068359375,130.94444274902344,593.2044067382812
2025-02-13,240.26051330566406,185.1728057861328,724.9766235351562,405.7269287109375,135.08822631835938,599.4671630859375
2025-02-14,243.31439208984375,184.26751708984375,733.0467529296875,403.6416320800781,138.6429443359375,599.437744140625
2025-02-18,243.18507385253906,182.81512451171875,712.8465576171875,404.83746337890625,139.19212341308594,601.1975708007812
2025-02-19,243.5829620361328,184.30734252929688,700.30859375,409.90728759765625,139.02235412597656,602.6133422851562
2025-02-20,244.53790283203125,183.60101318359375,691.4224853515625,412.0759582519531,139.90106201171875,600.1062622070312
2025-02-21,244.25938415527344,178.7264862060547,680.1880493164062,404.23309326171875,134.22952270507812,589.842041015625
2025-02-24,245.80125427246094,178.318603515625,664.8438110351562,400.06414794921875,130.08570861816406,587.157958984375
2025-02-25,245.74156188964844,174.50851440429688,654.2661743164062,394.0235595703125,126.441162109375,584.2379760742188
2025-02-26,239.09666442871094,171.83248901367188,670.3864135742188,395.8357849121094,131.084228515625,584.5328979492188
2025-02-27,236.05274963378906,167.6244659423828,655.00244140625,388.7059020996094,119.9708251953125,575.2025146484375
2025-02-28,240.56887817382812,169.3952178955078,664.9134521484375,393.1224060058594,124.73370361328125,584.178955078125
2025-03-03,236.77891540527344,166.14219665527344,651.8281860351562,384.7052307128906,113.88990020751953,573.9441528320312
2025-03-04,234.68994140625,170.0319061279297,636.8521728515625,384.82403564453125,115.81702423095703,567.150390625
2025-03-05,234.50094604492188,172.1209716796875,653.2412109375,397.1131591796875,117.12506866455078,573.2461547851562
2025-03-06,234.09310913085938,171.4544677734375,624.8416137695312,393.02337646484375,110.40511322021484,563.0703125
2025-03-07,237.81346130371094,172.9566192626953,622.582763671875,389.478271484375,112.52194213867188,566.2262573242188
2025-03-10,226.28436279296875,165.1981658935547,595.0487670898438,376.4563903808594,106.82044982910156,551.14453125
2025-03-11,219.67926025390625,163.37557983398438,602.7308959960938,376.7435607910156,108.5978012084961,546.5629272460938
2025-03-12,215.83956909179688,166.43313598632812,616.5126953125,379.53607177734375,115.57803344726562,549.4631958007812
2025-03-13,208.5779266357422,162.10076904296875,587.7349853515625,375.0799255371094,115.41825103759766,542.138671875
2025-03-14,212.36788940429688,164.81971740722656,605.1494140625,384.7745361328125,121.49972534179688,553.3369750976562
2025-03-17,212.875244140625,163.6245574951172,602.4603881835938,384.9132080078125,119.36272430419922,557.6038818359375
2025-03-18,211.57211303710938,160.01922607421875,580.0112915039062,379.78363037109375,115.2684555053711,551.5771484375
2025-03-19,214.10870361328125,163.2261962890625,581.7044677734375,384.0417785644531,117.35552978515625,557.584228515625
2025-03-20,212.97470092773438,162.14059448242188,583.6365356445312,383.07135009765625,118.3641128540039,555.9718627929688
2025-03-21,217.12277221679688,163.32579040527344,593.8451538085938,387.4482421875,117.5352783203125,556.1552734375
2025-03-24,219.56985473632812,167.00083923339844,616.3541259765625,389.2505187988281,121.24009704589844,566.1151733398438
2025-03-25,222.57398986816406,169.86917114257812,623.7840576171875,391.31024169921875,120.52110290527344,567.4760131835938
2025-03-26,220.36563110351562,164.3914337158203,608.515869140625,386.17083740234375,113.60079956054688,560.7012939453125
2025-03-27,222.67344665527344,161.5828857421875,600.1497802734375,386.7748718261719,111.27406311035156,559.2122192382812
2025-03-28,216.75469970703125,153.7049102783203,574.4140014648438,375.1096496582031,109.51652526855469,547.95068359375
2025-03-31,220.9624786376953,154.01365661621094,574.0354614257812,371.73291015625,108.22832489013672,551.62890625
2025-04-01,222.0169219970703,156.43380737304688,583.6365356445312,378.4665832519531,109.99585723876953,553.1869506835938
2025-04-02,222.71324157714844,156.4039306640625,581.5748901367188,378.4171142578125,110.26546478271484,556.687744140625
2025-04-03,202.12203979492188,150.1095428466797,529.475830078125,369.47503662109375,101.65754699707031,529.2537841796875
2025-04-04,187.38987731933594,145.01026916503906,502.6943359375,356.3343200683594,94.17801666259766,498.2696838378906
2025-04-07,180.50625610351562,146.1555938720703,514.1679077148438,354.3736267089844,97.50334930419922,497.3822021484375
2025-04-08,171.51377868652344,144.11390686035156,508.39129638671875,351.1058044433594,96.16523742675781,489.591796875
2025-04-09,197.8048553466797,158.06716918945312,583.4075317382812,386.6857604980469,114.16999816894531,541.0084228515625
2025-04-10,189.4191436767578,152.20103454589844,544.0867919921875,377.6347961425781,107.4194564819336,517.3019409179688
2025-04-11,197.10853576660156,156.50352478027344,541.3777465820312,384.6656494140625,110.7747573852539,526.5321044921875
2025-04-14,201.45555114746094,158.42572021484375,529.33642578125,384.0318603515625,110.55506134033203,531.6401977539062
2025-04-15,201.0775604248047,155.67689514160156,519.4166870117188,381.9721374511719,112.04297637939453,530.1511840820312
2025-04-16,193.24891662597656,152.70896911621094,500.2840881347656,367.98968505859375,104.3437728881836,518.366943359375
2025-04-17,195.94467163085938,150.5477752685547,499.4574890136719,364.1969909667969,101.34796905517578,519.1065063476562
2025-04-21,192.1447296142578,147.07188415527344,482.7052917480469,355.62139892578125,96.7743911743164,506.7503356933594
2025-04-22,198.690185546875,150.8564910888672,498.2622985839844,363.246337890625,98.75160217285156,519.9349365234375
2025-04-23,203.52462768554688,154.72079467773438,518.1717529296875,370.7426452636719,102.5662612915039,527.9915161132812
2025-04-24,207.27481079101562,158.63485717773438,530.999755859375,383.5267639160156,106.28104400634766,539.1051635742188
2025-04-25,208.1800079345703,161.3040008544922,545.0628051757812,388.0325012207031,110.85465240478516,543.0003662109375
2025-04-28,209.0355224609375,159.95945739746094,547.5228271484375,387.3492431640625,108.57783508300781,543.2073974609375
2025-04-29,210.09988403320312,159.5113067626953,552.2039184570312,390.201171875,108.867431640625,546.6292724609375
2025-04-30,211.3831024169922,158.15679931640625,546.7858276367188,391.4093017578125,108.76756286621094,546.8462524414062
2025-05-01,212.19879150390625,160.6466827392578,569.9022216796875,421.2556457519531,111.45380401611328,550.7216796875
2025-05-02,204.27069091796875,163.36561584472656,594.6121826171875,431.0393981933594,114.33976745605469,558.8966674804688
2025-05-05,197.84463500976562,163.54490661621094,596.8530883789062,431.9207458496094,113.66072082519531,555.6917724609375
2025-05-06,197.46664428710938,162.56884765625,584.9413452148438,429.0885925292969,113.38111114501953,551.0471801757812
2025-05-07,195.21852111816406,150.76686096191406,594.4029541015625,429.1282043457031,116.89617919921875,553.364501953125
2025-05-08,196.45199584960938,153.6551055908203,595.59814453125,433.9012145996094,117.20574951171875,557.2203369140625
2025-05-09,197.4865264892578,152.13131713867188,590.1004028320312,434.4557800292969,116.48675537109375,556.5103149414062
2025-05-12,209.95704650878906,157.81817626953125,636.8510131835938,444.88323974609375,122.82786560058594,574.9014892578125
2025-05-13,212.08859252929688,158.8838348388672,653.3841552734375,444.7643737792969,129.7481689453125,578.6980590820312
2025-05-14,211.49098205566406,164.7001953125,656.70068359375,448.52734375,135.1505889892578,579.4376831054688
2025-05-15,210.6144561767578,163.2958984375,641.2831420898438,449.5392761230469,134.64129638671875,582.267822265625
2025-05-16,210.42520141601562,165.51687622070312,637.7574462890625,450.67022705078125,135.21051025390625,585.9559936523438
2025-05-19,207.9550018310547,165.86546325683594,637.8470458984375,455.2337646484375,135.38027954101562,586.5969848632812
2025-05-20,206.04258728027344,163.31582641601562,634.530517578125,454.5393371582031,134.1919403076172,584.6246948242188
2025-05-21,201.29144287109375,167.8772735595703,632.9369506835938,448.9837341308594,131.6155548095703,574.7733154296875
2025-05-22,200.56431579589844,170.1779022216797,634.0026245117188,451.25555419921875,132.6441192626953,575.0001220703125
2025-05-23,194.49838256835938,167.78762817382812,624.5309448242188,446.6126403808594,131.1062469482422,571.0753784179688
2025-05-27,199.4188690185547,172.19969177246094,639.7294921875,457.03936767578125,135.31036376953125,582.9483032226562
2025-05-28,199.62803649902344,171.66188049316406,640.984375,453.7357482910156,134.62135314941406,579.57568359375
2025-05-29,199.15989685058594,171.16390991210938,642.4484252929688,455.0453186035156,138.99520874023438,581.863525390625
2025-05-30,200.0563507080078,171.04440307617188,644.878662109375,456.71197509765625,134.94088745117188,581.2127685546875
2025-06-02,200.90298461914062,168.34536743164062,668.1941528320312,458.3092346191406,137.18775939941406,584.4866943359375
2025-06-03,202.46678161621094,165.50692749023438,664.1604614257812,459.30126953125,141.02236938476562,587.8197631835938
2025-06-04,202.01853942871094,167.3693389892578,685.1754760742188,460.19415283203125,141.72137451171875,587.6619873046875
2025-06-05,199.8372039794922,167.5286865234375,681.8587646484375,463.9739990234375,139.79408264160156,584.8218994140625
2025-06-06,203.11419677734375,172.97653198242188,694.8960571289062,466.652587890625,141.52166748046875,590.8274536132812
2025-06-09,200.65396118164062,175.58908081054688,691.2606811523438,469.0038146972656,142.43040466308594,591.3599243164062
2025-06-10,201.869140625,178.09194946289062,699.567138671875,467.1883239746094,143.758544921875,594.712890625
2025-06-11,197.9945068359375,176.8455047607422,691.3403930664062,468.87481689453125,142.6400146484375,593.0166625976562
2025-06-12,198.41285705566406,175.20018005371094,690.5635986328125,475.0752868652344,144.80714416503906,595.3734741210938
2025-06-13,195.67372131347656,174.17312622070312,680.1159057617188,471.1962890625,141.78115844726562,588.7171020507812
2025-06-16,197.6359405517578,176.26715087890625,699.8262939453125,475.3431701660156,144.49754333496094,594.318359375
2025-06-17,194.86691284179688,175.44949340820312,694.9522094726562,474.25189208984375,143.9282989501953,589.2398071289062
2025-06-18,195.80320739746094,172.8269805908203,693.4970092773438,476.4344482421875,145.28648376464844,589.1510009765625
2025-06-20,200.20574951171875,166.1659698486328,680.1209106445312,473.616943359375,143.65866088867188,587.7673950195312
2025-06-23,200.70376586914062,164.72010803222656,696.2481079101562,482.1488037109375,143.97824096679688,593.5730590820312
2025-06-24,199.50851440429688,166.29559326171875,709.8734130859375,486.2261962890625,147.70326232910156,600.13037109375
2025-06-25,200.76351928710938,170.19447326660156,706.3648681640625,488.3691101074219,154.10476684570312,600.4666748046875
2025-06-26,200.20574951171875,173.0463409423828,723.7180786132812,493.5080871582031,154.8137969970703,605.1646728515625
2025-06-27,200.2854461669922,178.0221405029297,731.2333374023438,492.0100402832031,157.5401611328125,608.1713256835938
2025-06-30,204.35926818847656,175.72869873046875,735.6788330078125,493.4683837890625,157.77987670898438,611.0791015625
2025-07-01,206.99879455566406,175.3397979736328,716.8704223632812,488.1508483886719,153.09609985351562,610.8812866210938
2025-07-02,211.6005401611328,178.13182067871094,711.2389526367188,487.198486328125,157.04083251953125,613.6505737304688
2025-07-03,212.70614624023438,179.01930236816406,716.6611938476562,494.8870849609375,159.12806701660156,618.4869995117188
2025-07-07,209.120361328125,176.28709411621094,716.0032958984375,493.77593994140625,158.029541015625,613.8781127929688
2025-07-08,209.18014526367188,173.864013671875,718.315673828125,492.68463134765625,159.78717041015625,613.5418090820312
2025-07-09,210.30567932128906,176.11756896972656,730.3861694335938,499.52008056640625,162.66336059570312,617.2210083007812
2025-07-10,211.57066345214844,177.11471557617188,724.8641967773438,497.5061340332031,163.88172912597656,618.9617309570312
2025-07-11,210.32559204101562,179.67742919921875,715.166015625,499.33154296875,164.70062255859375,616.7858276367188
2025-07-14,207.79562377929688,181.0435333251953,718.56494140625,499.033935546875,163.8517608642578,617.9627075195312
2025-07-15,208.28370666503906,181.48226928710938,708.0692749023438,501.811767578125,170.4729461669922,615.3220825195312
2025-07-16,209.3295440673828,182.4495086669922,700.6137084960938,501.6133728027344,171.14205932617188,617.3792114257812
2025-07-17,209.19009399414062,183.0577850341797,699.1185913085938,507.6451721191406,172.7698974609375,621.1573486328125
2025-07-18,210.3455047607422,184.5335693359375,701.979248046875,506.0082092285156,172.18067932128906,620.7024536132812
2025-07-21,211.640380859375,189.55923461914062,710.640869140625,506.0181579589844,171.1520538330078,621.87939453125
2025-07-22,213.5527801513672,190.7957000732422,702.5075073242188,501.2660827636719,166.80784606933594,621.9683837890625
2025-07-23,213.3037872314453,189.68885803222656,711.2489624023438,501.861328125,170.55284118652344,627.2598266601562
2025-07-24,212.91531372070312,191.62335205078125,712.46484375,506.8316650390625,173.5089111328125,627.4674682617188
2025-07-25,213.03485107421875,192.63047790527344,710.351806640625,509.6392517089844,173.2692413330078,630.1180419921875
2025-07-28,213.20419311523438,192.0321807861328,715.28564453125,508.43878173828125,176.51490783691406,629.9598388671875
2025-07-29,210.43516540527344,195.1931610107422,697.7132568359375,508.50823974609375,175.2765350341797,628.2982788085938
2025-07-30,208.2239227294922,195.970947265625,692.93896484375,509.17291259765625,179.0315399169922,627.507080078125
2025-07-31,206.74978637695312,191.35411071777344,770.913330078125,529.2723388671875,177.63340759277344,625.1531372070312
2025-08-01,201.58029174804688,188.5919952392578,747.5598754882812,519.956787109375,173.4889373779297,614.9066162109375
2025-08-04,202.5464630126953,194.4851837158203,773.8336791992188,531.3954467773438,179.76058959960938,624.2530517578125
2025-08-05,202.11814880371094,194.11622619628906,760.9660034179688,523.5679931640625,178.0229034423828,621.088134765625
2025-08-06,212.40733337402344,195.5321807861328,769.4680786132812,520.7802124023438,179.1813507080078,625.845458984375
2025-08-07,219.16053771972656,195.9609832763672,759.3411865234375,516.7127075195312,180.52957153320312,625.3212280273438
2025-08-08,228.44371032714844,200.84701538085938,766.786865234375,517.9032592773438,182.4569854736328,630.197265625
2025-08-11,226.53909301757812,200.42822265625,763.3679809570312,517.6353759765625,181.81784057617188,628.9510498046875
2025-08-12,229.0021209716797,202.76156616210938,787.419189453125,525.046142578125,182.9163818359375,635.6469116210938
2025-08-13,232.6717529296875,201.385498046875,777.5316772460938,516.4547729492188,181.3484649658203,637.82275390625
2025-08-14,232.123291015625,202.36270141601562,779.5748901367188,518.3396606445312,181.77789306640625,637.8821411132812
2025-08-15,230.9366455078125,203.31996154785156,782.664794921875,516.0480346679688,180.20997619628906,636.388671875
2025-08-18,230.23863220214844,202.92111206054688,764.8631591796875,513.0023193359375,181.76788330078125,636.2501220703125
2025-08-19,229.90956115722656,200.99661254882812,749.0250244140625,505.7304382324219,175.4063720703125,632.7984008789062
2025-08-20,225.3723907470703,198.7530059814453,745.27734375,501.7125244140625,175.1667022705078,631.1170043945312
2025-08-21,224.26553344726562,199.18177795410156,736.6854248046875,501.0666198730469,174.74725341796875,628.5850830078125
2025-08-22,227.11746215820312,205.5037384033203,752.32421875,504.0378112792969,177.75326538085938,638.2381591796875
2025-08-25,226.51914978027344,207.89694213867188,750.839111328125,501.0865173339844,179.57081604003906,635.42919921875
2025-08-26,228.6630859375,206.55075073242188,751.636474609375,498.8804931640625,181.52822875976562,638.0897827148438
2025-08-27,229.8397674560547,206.88978576660156,744.9384765625,503.5509033203125,181.35845947265625,639.5436401367188
2025-08-28,231.9039306640625,211.03794860839844,748.65625,506.4326477050781,179.93035888671875,641.8085327148438
2025-08-29,231.485107421875,212.3043670654297,736.2868041992188,503.5011901855469,173.9483184814453,637.98095703125
2025-09-02,229.0719451904297,210.748779296875,732.70849609375,501.9410705566406,170.55284118652344,633.2533569335938
2025-09-03,237.79725646972656,230.00384521484375,734.6421508789062,502.1696472167969,170.39305114746094,636.6853637695312
2025-09-04,239.10354614257812,231.63919067382812,746.204345703125,504.7731628417969,171.43167114257812,642.00634765625
2025-09-05,239.0137939453125,234.33151245117188,749.991943359375,491.884765625,166.79786682128906,640.14697265625
2025-09-08,237.2089080810547,233.5829620361328,749.8424072265625,495.06463623046875,168.0861358642578,641.7195434570312
2025-09-09,233.68887329101562,239.1620330810547,763.1986083984375,495.2733154296875,170.53286743164062,643.203125
2025-09-10,226.1501922607422,238.70294189453125,749.5234375,497.2209777832031,177.09413146972656,645.0625610351562
2025-09-11,229.3810577392578,239.9005889892578,748.4469604492188,497.85699462890625,176.9443359375,650.4231567382812
2025-09-12,233.40966796875,240.32977294921875,753.1217041015625,506.6910095214844,177.59349060058594,650.2054443359375
2025-09-15,236.0322265625,251.11866760253906,762.2018432617188,512.1166381835938,177.52359008789062,653.6671142578125
2025-09-16,237.4781494140625,250.66954040527344,776.4551391601562,505.83642578125,174.65724182128906,652.76708984375
2025-09-17,238.3157958984375,249.042724609375,773.1858520507812,506.81024169921875,170.0730743408203,651.9561767578125
2025-09-18,237.2089080810547,251.537841796875,777.7011108398438,505.2501525878906,176.01551818847656,655.00244140625
2025-09-19,244.8074188232422,254.2225799560547,775.837158203125,514.6704711914062,176.4449462890625,658.2465209960938
2025-09-22,255.35755920410156,252.036865234375,763.1751098632812,511.21240234375,183.37611389160156,661.3607788085938
2025-09-23,253.71221923828125,251.16856384277344,753.4404296875,506.0252685546875,178.2027130126953,657.7606201171875
2025-09-24,251.59820556640625,246.6573944091797,758.686767578125,506.9394226074219,176.74456787109375,655.6678466796875
2025-09-25,256.14532470703125,245.3100128173828,746.9672241210938,503.83905029296875,177.4636688232422,652.6429443359375
2025-09-26,254.73931884765625,246.0585479736328,741.8206176757812,508.2411804199219,177.96302795410156,656.3820190429688
2025-09-29,253.71221923828125,243.5734100341797,741.4715576171875,511.3613586425781,181.61837768554688,658.2266845703125
2025-09-30,253.9116668701172,242.6252899169922,732.4749755859375,514.6903686523438,186.3423309326172,660.7061157226562
2025-10-01,254.72933959960938,244.4217529296875,715.4791259765625,516.4392700195312,187.00149536132812,662.9574584960938
2025-10-02,256.40460205078125,245.210205078125,725.1639404296875,512.4942626953125,188.64939880371094,663.7210693359375
2025-10-03,257.2920837402344,244.8708953857422,708.7167358398438,514.0940551757812,187.38101196289062,663.7112426757812
2025-10-06,255.96583557128906,249.94094848632812,713.8035278320312,525.2435302734375,185.30364990234375,666.0914916992188
2025-10-07,255.75645446777344,245.2800750732422,711.230224609375,520.682373046875,184.80429077148438,663.6219482421875
2025-10-08,257.3320007324219,244.14230346679688,715.9779052734375,521.546875,188.86911010742188,667.5791625976562
2025-10-09,253.32330322265625,241.05833435058594,731.6072387695312,519.1123657226562,192.32470703125,665.6452026367188
2025-10-10,244.57806396484375,236.10801696777344,703.4703979492188,507.74432373046875,182.92669677734375,647.6542358398438
2025-10-13,246.96133422851562,243.6732177734375,713.8433837890625,510.8148498535156,188.0801239013672,657.5919189453125
2025-10-14,247.07101440429688,244.97068786621094,706.8117065429688,510.3379211425781,179.8006591796875,656.78857421875
2025-10-15,248.63658142089844,250.53977966308594,715.6885986328125,510.19879150390625,179.60093688964844,659.7044067382812
2025-10-16,246.75192260742188,250.96896362304688,710.2228393554688,508.3902282714844,181.5784149169922,655.2116088867188
2025-10-17,251.5782470703125,252.80535888671875,715.0602416992188,510.3478698730469,182.9866180419922,658.9308471679688
2025-10-20,261.50018310546875,256.04901123046875,730.2706909179688,513.53759765625,182.4073486328125,665.7840576171875
2025-10-21,262.0286560058594,249.97091674804688,731.3678588867188,514.4021606445312,180.92922973632812,665.7741088867188
2025-10-22,257.72088623046875,251.19850158691406,731.5074462890625,517.2640991210938,180.05035400390625,662.3128051757812
2025-10-23,258.84765625,252.58578491210938,732.095947265625,517.283935546875,181.92796325683594,666.2402954101562
2025-10-24,262.0785827636719,259.4124450683594,736.4446411132812,520.314697265625,186.02272033691406,671.6851806640625
2025-10-27,268.0516662597656,268.7441711425781,748.8722534179688,528.1749877929688,191.24607849121094,679.6094970703125
2025-10-28,268.2411193847656,266.9476623535156,749.49072265625,538.6585693359375,200.77394104003906,681.41455078125
2025-10-29,268.93914794921875,274.0338134765625,749.7200927734375,538.141845703125,206.77627563476562,681.7418823242188
2025-10-30,270.63433837890625,280.9303283691406,664.7411499023438,522.4512329101562,202.63156127929688,674.2440185546875
2025-10-31,269.6072692871094,280.6408996582031,646.6680908203125,514.5512084960938,202.23207092285156,676.45556640625
2025-11-03,268.29095458984375,283.1659240722656,636.0557861328125,513.7761840820312,206.61647033691406,677.7251586914062
2025-11-04,269.2781982421875,276.9980163574219,625.6926879882812,511.0931701660156,198.43690490722656,669.6917114257812
2025-11-05,269.3779296875,283.75482177734375,634.30029296875,503.96826171875,194.9613494873047,672.012451171875
2025-11-06,269.0089416503906,284.19390869140625,617.3344116210938,493.9715576171875,187.84042358398438,664.8021850585938
2025-11-07,267.7126159667969,278.2854919433594,620.0972290039062,493.6933288574219,187.91033935546875,665.4567260742188
2025-11-10,268.93035888671875,289.5334777832031,630.1212158203125,502.8155517578125,198.7964630126953,675.8406982421875
2025-11-11,274.73956298828125,290.7411193847656,625.453369140625,505.4786682128906,192.91395568847656,677.3878784179688
2025-11-12,272.9628601074219,286.15008544921875,607.43017578125,507.9232482910156,193.5531463623047,677.7648315429688
2025-11-13,272.44384765625,278.0260314941406,608.3079223632812,500.1225891113281,186.62196350097656,666.5180053710938
2025-11-14,271.9048156738281,275.8702087402344,607.8790283203125,506.9692077636719,189.92774963378906,666.4088745117188
2025-11-17,266.9639892578125,284.4634094238281,600.4483032226562,504.2961730957031,186.3623046875,660.2003173828125
2025-11-18,266.9440612792969,283.7248229980469,596.1395874023438,490.6824035644531,181.1289825439453,654.65625
2025-11-19,268.06195068359375,292.2381896972656,588.7886352539062,484.0543518066406,186.28240966796875,657.185302734375
2025-11-20,265.7562561035156,288.884765625,587.6217041015625,476.308837890625,180.40989685058594,647.1683349609375
2025-11-21,270.98651123046875,299.0747985839844,592.70849609375,470.0268249511719,178.6521453857422,653.6149291992188
2025-11-24,275.4083251953125,317.9578552246094,611.459716796875,471.89849853515625,182.31747436523438,663.235107421875
2025-11-25,276.4563903808594,322.8083801269531,634.5695190429688,474.8752136230469,177.59349060058594,669.4735107421875
2025-11-26,277.0352783203125,319.3252258300781,631.9663696289062,483.3475341796875,180.03038024902344,674.09521484375
2025-11-28,278.3328857421875,319.55474853515625,646.2691650390625,489.82867431640625,176.7745361328125,677.7747192382812
2025-12-01,282.57501220703125,314.2751159667969,639.20751953125,484.5820007324219,179.69082641601562,674.6802978515625
2025-12-02,285.6592712402344,315.1932678222656,645.4213256835938,487.82757568359375,181.22885131835938,675.9300537109375
2025-12-03,283.623046875,319.0058288574219,637.9407958984375,475.6119689941406,179.36123657226562,678.2706298828125
2025-12-04,280.179443359375,316.999755859375,659.8140258789062,478.70819091796875,183.1566162109375,678.7664794921875
2025-12-05,278.26300048828125,320.64263916015625,671.673095703125,481.01788330078125,182.1877899169922,680.0557861328125
2025-12-08,277.3746643066406,313.3121643066406,665.0702514648438,488.8430480957031,185.323974609375,678.0127563476562
2025-12-09,276.66595458984375,316.66778564453125,655.255859375,489.8385925292969,184.7446746826172,677.4275512695312
2025-12-10,278.26300048828125,319.7937316894531,648.4434814453125,476.43829345703125,183.55612182617188,681.92041015625
2025-12-11,277.514404296875,312.02386474609375,651.0167846679688,481.3265075683594,180.70957946777344,683.5072021484375
2025-12-12,277.7639465332031,308.887939453125,642.558837890625,476.4084167480469,174.80679321289062,676.1581420898438
2025-12-15,273.6016540527344,307.8193359375,646.3570556640625,472.7148742675781,176.0752410888672,675.1365356445312
2025-12-16,274.1007385253906,306.1714782714844,655.9799194335938,474.2779235839844,177.50350952148438,673.2918701171875
2025-12-17,271.33587646484375,296.3342590332031,648.343505859375,474.00909423828125,170.7317657470703,665.8832397460938
2025-12-18,271.68524169921875,302.0668029785156,663.266845703125,481.8342590332031,173.9278564453125,670.9114990234375
2025-12-19,273.1625061035156,306.7607116699219,657.5969848632812,483.7656555175781,180.76951599121094,676.9923095703125
2025-12-22,270.4674987792969,309.3773193359375,660.3221435546875,482.7701110839844,183.4662322998047,681.2098999023438
2025-12-23,271.85491943359375,313.94134521484375,663.7559814453125,484.6915283203125,188.97950744628906,684.3233032226562
2025-12-24,273.3022155761719,313.6816711425781,666.361328125,485.8563232421875,188.38023376464844,686.7305297851562
2025-12-26,272.8929748535156,313.10247802734375,662.1089477539062,485.5476989746094,190.2978973388672,686.660888671875
2025-12-29,273.2523498535156,313.15240478515625,657.5171508789062,484.9404296875,187.99070739746094,684.2138671875
2025-12-30,272.5735778808594,313.4420166015625,664.7642211914062,485.3187255859375,187.31153869628906,683.3783569335938
